depart wilaya,Avg Time (days),Median Time (days),Orders
Tindouf,7.49,7.79,9
Illizi,7.06,5.82,16
Adrar,5.49,5.11,205
Tamanrasset,5.2,4.9,174
Béchar,4.4,3.95,288
Ouargla,4.27,3.91,1151
El Oued,4.17,3.97,1563
Ghardaïa,3.28,2.97,698
El Bayadh,3.27,3.05,93
Laghouat,3.08,2.84,500
Djelfa,2.99,2.83,1001
Naâma,2.98,2.29,186
M'Sila,2.64,2.07,2396
Saïda,2.63,2.03,1013
Souk Ahras,2.58,2.06,1485
Mascara,2.58,1.93,1352
Aïn Defla,2.55,1.99,2463
Oran,2.55,1.99,30298
Chlef,2.55,2.02,3385
Biskra,2.51,2.01,2463
Sidi Bel Abbès,2.49,1.98,2677
Béjaïa,2.49,2.05,2401
Jijel,2.49,2.0,4102
Tlemcen,2.48,1.99,5512
Aïn Témouchent,2.48,1.96,1050
Sétif,2.48,1.95,13005
Skikda,2.48,1.99,3280
Tiaret,2.46,1.96,1103
Oum El Bouaghi,2.45,1.97,3236
Mila,2.44,1.95,4250
Mostaganem,2.43,1.97,2414
Bordj Bou Arreridj,2.43,1.98,4242
Tissemsilt,2.43,1.96,667
Khenchela,2.42,1.98,1979
Annaba,2.42,1.96,4509
Constantine,2.39,1.89,9754
El Tarf,2.38,1.98,609
Tébessa,2.36,1.96,1326
Relizane,2.35,1.94,621
Batna,2.34,1.94,8374
Guelma,2.33,1.94,1394
Tipaza,2.14,1.83,2769
Boumerdès,2.05,1.83,4750
Blida,2.01,1.74,10471
Bouira,2.0,1.72,4004
Médéa,1.94,1.24,1687
Alger,1.92,1.6,115683
Tizi Ouzou,1.86,1.12,3724
