depart wilaya,Avg Distance (km),Median Distance (km),Orders
Tindouf,1469.91,1463.46,9
Tamanrasset,1337.28,1496.37,174
Illizi,1124.89,1157.22,16
Adrar,892.97,897.02,205
Béchar,736.75,748.78,288
Ouargla,520.85,553.04,1151
Ghardaïa,476.92,478.9,698
El Oued,453.86,419.25,1563
Aïn Témouchent,442.55,410.13,1050
Tlemcen,442.2,397.26,5512
Oran,439.3,385.55,30298
Tébessa,434.51,463.6,1326
El Bayadh,429.82,390.89,93
Annaba,419.94,418.71,4509
Naâma,415.98,397.36,186
Sidi Bel Abbès,414.97,375.63,2677
El Tarf,414.93,377.96,609
Saïda,402.57,358.55,1013
Mascara,394.51,326.17,1352
Souk Ahras,389.97,415.32,1485
Oum El Bouaghi,369.73,375.1,3236
Khenchela,362.35,395.35,1979
Guelma,358.78,355.42,1394
Skikda,358.58,342.66,3280
Mostaganem,356.36,277.44,2414
Laghouat,350.05,328.83,500
Relizane,342.4,249.78,621
Mila,334.36,288.33,4250
Constantine,332.8,320.57,9754
Biskra,329.35,314.48,2463
Chlef,328.02,241.22,3385
Jijel,323.26,242.11,4102
Tiaret,318.41,219.79,1103
Sétif,315.3,224.27,13005
Alger,315.11,320.57,115683
Djelfa,314.55,252.86,1001
Tipaza,310.32,293.35,2769
M'Sila,308.82,237.3,2396
Blida,307.25,322.17,10471
Aïn Defla,305.85,264.13,2463
Batna,300.22,280.26,8374
Bouira,298.82,208.82,4004
Boumerdès,297.84,284.5,4750
Bordj Bou Arreridj,286.86,218.13,4242
Tissemsilt,284.67,231.02,667
Médéa,262.69,273.9,1687
Béjaïa,262.51,180.36,2401
Tizi Ouzou,232.88,145.0,3724
