depart wilaya,Total Orders,Returned Orders,Return Rate %
Oran,30298,8507,28.08
Mila,4250,791,18.61
Saïda,1013,182,17.97
Mascara,1352,210,15.53
Biskra,2463,341,13.84
Alger,115683,13389,11.57
Aïn Témouchent,1050,116,11.05
Tipaza,2769,304,10.98
Jijel,4102,447,10.9
Souk Ahras,1485,160,10.77
Bouira,4004,429,10.71
Sétif,13005,1376,10.58
Tlemcen,5512,581,10.54
Khenchela,1979,207,10.46
Constantine,9754,967,9.91
Boumerdès,4750,451,9.49
Annaba,4509,426,9.45
M'Sila,2396,224,9.35
Bordj Bou Arreridj,4242,377,8.89
El Tarf,609,54,8.87
Mostaganem,2414,214,8.86
Batna,8374,737,8.8
Blida,10471,905,8.64
Aïn Defla,2463,207,8.4
Chlef,3385,282,8.33
Ouargla,1151,94,8.17
Djelfa,1001,77,7.69
Skikda,3280,243,7.41
Béjaïa,2401,174,7.25
Tizi Ouzou,3724,270,7.25
Tébessa,1326,89,6.71
Ghardaïa,698,46,6.59
Sidi Bel Abbès,2677,169,6.31
Médéa,1687,105,6.22
Guelma,1394,83,5.95
Béchar,288,17,5.9
Tissemsilt,667,38,5.7
El Oued,1563,86,5.5
Oum El Bouaghi,3236,167,5.16
Tiaret,1103,50,4.53
Naâma,186,8,4.3
Laghouat,500,18,3.6
Relizane,621,18,2.9
Adrar,205,5,2.44
El Bayadh,93,1,1.08
Tamanrasset,174,1,0.57
Illizi,16,0,0.0
Tindouf,9,0,0.0
