category,region,order,aic
Animaux et articles pour animaux de compagnie,centre,"(1, 0, 1)",3369.341495224495
Animaux et articles pour animaux de compagnie,est,"(1, 0, 1)",3277.3406136727044
Animaux et articles pour animaux de compagnie,ouest,"(2, 0, 2)",2910.1273950845684
Animaux et articles pour animaux de compagnie,sud,"(1, 0, 1)",2613.8907465459342
"Appareils photo, caméras et instruments d'optique",centre,"(2, 0, 2)",1016.9811357437329
"Appareils photo, caméras et instruments d'optique",est,"(1, 0, 1)",1023.1058919296134
"Appareils photo, caméras et instruments d'optique",ouest,"(0, 0, 0)",1218.7153348127963
"Appareils photo, caméras et instruments d'optique",sud,"(0, 0, 0)",1115.4960999787581
Appareils électroniques,centre,"(1, 0, 1)",3519.412740573299
Appareils électroniques,est,"(1, 0, 1)",3538.6080728679035
Appareils électroniques,ouest,"(2, 0, 2)",3145.9038808460914
Appareils électroniques,sud,"(1, 0, 1)",2869.3853363296275
Arts et loisirs,centre,"(4, 0, 1)",3333.5724188143563
Arts et loisirs,est,"(4, 0, 1)",3330.32411199015
Arts et loisirs,ouest,"(4, 0, 1)",2788.137696296144
Arts et loisirs,sud,"(5, 0, 1)",2599.275608426593
Bagages et maroquinerie,centre,"(1, 0, 1)",3364.55070724442
Bagages et maroquinerie,est,"(2, 0, 2)",3213.4616294137827
Bagages et maroquinerie,ouest,"(3, 0, 2)",2837.285418148171
Bagages et maroquinerie,sud,"(4, 0, 1)",2611.4721945057217
Bébés et tout-petits,centre,"(4, 0, 1)",3281.896360270587
Bébés et tout-petits,est,"(1, 0, 1)",3285.042001875534
Bébés et tout-petits,ouest,"(1, 0, 1)",2899.189535069185
Bébés et tout-petits,sud,"(3, 0, 1)",2679.2801258762474
Entreprise et industrie,centre,"(1, 0, 2)",2000.5423531880656
Entreprise et industrie,est,"(1, 0, 3)",2162.5107141807357
Entreprise et industrie,ouest,"(1, 0, 1)",1582.7238473361704
Entreprise et industrie,sud,"(1, 0, 1)",1271.282446718724
Fournitures de bureau,centre,"(5, 0, 1)",3295.045089894821
Fournitures de bureau,est,"(1, 0, 2)",3324.5005294054245
Fournitures de bureau,ouest,"(5, 0, 1)",2904.43819095637
Fournitures de bureau,sud,"(4, 0, 2)",2637.2623970140876
Jeux et jouets,centre,"(5, 0, 1)",2350.8106745072155
Jeux et jouets,est,"(2, 0, 2)",2369.965745130652
Jeux et jouets,ouest,"(1, 0, 2)",1752.7110024747633
Jeux et jouets,sud,"(3, 0, 2)",1635.7631728973333
Logiciels,centre,"(0, 0, 0)",896.7319929487421
Logiciels,est,"(0, 0, 0)",935.3107448535425
Logiciels,ouest,"(1, 0, 0)",309.54412074083064
Logiciels,sud,"(0, 0, 0)",533.9545756264109
Lots,centre,"(1, 0, 1)",1149.4265249048158
Lots,est,"(1, 0, 1)",1043.3835380397
Lots,ouest,"(1, 0, 1)",650.6478683266411
Lots,sud,"(0, 0, 0)",971.292903205389
Maison et jardin,centre,"(2, 0, 2)",4316.744050295354
Maison et jardin,est,"(2, 0, 2)",4338.391460820774
Maison et jardin,ouest,"(1, 0, 1)",3971.202199043654
Maison et jardin,sud,"(1, 0, 1)",3880.283380337335
Meubles,centre,"(2, 0, 4)",3504.0968079523273
Meubles,est,"(3, 0, 1)",3580.717048888118
Meubles,ouest,"(2, 0, 1)",3144.653853879515
Meubles,sud,"(5, 0, 0)",2905.0823066451394
Modules complémentaires du produit,centre,"(0, 0, 0)",1000.035633330876
Modules complémentaires du produit,est,"(0, 0, 0)",894.3398193694368
Modules complémentaires du produit,ouest,"(2, 0, 0)",235.67769918753444
Modules complémentaires du produit,sud,"(0, 0, 0)",604.593780191371
Médias,centre,"(4, 0, 2)",2441.262026744781
Médias,est,"(1, 0, 1)",2375.719451250717
Médias,ouest,"(1, 0, 1)",1737.7861314443394
Médias,sud,"(3, 0, 1)",1568.3308141841014
Non classé,centre,"(3, 0, 0)",248.004575134106
Non classé,est,"(2, 0, 0)",248.14321138658687
Non classé,ouest,"(0, 0, 0)",417.49160765813383
Non classé,sud,"(0, 0, 0)",316.2047477668019
Offices religieux et cérémonies,centre,"(1, 0, 1)",1661.035190648799
Offices religieux et cérémonies,est,"(1, 0, 1)",1555.4333583411221
Offices religieux et cérémonies,ouest,"(2, 0, 1)",1076.8133666111453
Offices religieux et cérémonies,sud,"(1, 0, 2)",959.7835676767149
Quincaillerie,centre,"(3, 0, 1)",3330.5493929121467
Quincaillerie,est,"(1, 0, 1)",3262.496278516336
Quincaillerie,ouest,"(1, 0, 1)",2893.013116978528
Quincaillerie,sud,"(1, 0, 1)",2551.543828215198
Santé et beauté,centre,"(2, 0, 1)",3577.4023958493603
Santé et beauté,est,"(2, 0, 1)",3493.040939412338
Santé et beauté,ouest,"(2, 0, 1)",3214.8396901242613
Santé et beauté,sud,"(1, 0, 2)",2930.3279298050597
Véhicules et accessoires,centre,"(1, 0, 1)",3338.918264423714
Véhicules et accessoires,est,"(1, 0, 2)",3243.2767386912665
Véhicules et accessoires,ouest,"(1, 0, 1)",2835.810955203457
Véhicules et accessoires,sud,"(1, 0, 1)",2727.386724299352
Vêtements et accessoires,centre,"(1, 0, 1)",3946.6309309623334
Vêtements et accessoires,est,"(2, 0, 3)",3987.6648572795325
Vêtements et accessoires,ouest,"(1, 0, 2)",3592.3788048057713
Vêtements et accessoires,sud,"(1, 0, 1)",3377.7136886972266
Équipements sportifs,centre,"(4, 0, 4)",3349.5658473372714
Équipements sportifs,est,"(1, 0, 1)",3264.7138458209092
Équipements sportifs,ouest,"(1, 0, 2)",2876.024267259996
Équipements sportifs,sud,"(4, 0, 1)",2723.550482826683
