Categorie,region,split,model,MAE,RMSE,MAPE,SMAPE,MASE,R2
Animaux et articles pour animaux de compagnie,EAST,validation,SARIMA,8.076923076923077,10.859239242372226,22.365252255195326,23.76235384168516,0.8333333333333334,-1.232190860215054
Animaux et articles pour animaux de compagnie,EAST,validation,Hybrid,6.531576133691345,9.093583671144666,18.057163559612018,19.01860649256654,0.6738927756983134,-0.5653182810612014
Animaux et articles pour animaux de compagnie,EAST,test,SARIMA,6.714285714286023,8.701395618767064,57.20464569346616,30.48920046504825,0.6927437641723675,-0.1684119360682259
Animaux et articles pour animaux de compagnie,EAST,test,Hybrid,7.979368686676334,10.631693939828667,63.96344568114175,32.05365389032177,0.8232681978316853,-0.7443076562410174
Animaux et articles pour animaux de compagnie,NORTH,validation,SARIMA,5.637096299009163,6.562443912836605,16.703152468529954,16.83141091671291,0.6317435507510268,0.03191031545060763
Animaux et articles pour animaux de compagnie,NORTH,validation,Hybrid,4.859452817882966,5.796542127625042,14.657780561434642,14.653443195318404,0.5445938502799875,0.24469497104162252
Animaux et articles pour animaux de compagnie,NORTH,test,SARIMA,5.353743891761813,7.573011730342165,26.39632993164914,20.704780231484044,0.5999885395939963,-0.0024702851073221677
Animaux et articles pour animaux de compagnie,NORTH,test,Hybrid,6.628071161122152,9.298208864643852,32.06313937345447,23.10958064216597,0.7428010784016205,-0.5112379261344984
Animaux et articles pour animaux de compagnie,SOUTH,validation,SARIMA,3.3076923076923075,4.9380781063704715,14.010232229872411,14.7696393688192,0.5212121212121212,-1.4529761904761904
Animaux et articles pour animaux de compagnie,SOUTH,validation,Hybrid,2.780462185350748,4.0674242113186425,11.465742431955386,12.447049368033106,0.4381334352673906,-0.6642415546456923
Animaux et articles pour animaux de compagnie,SOUTH,test,SARIMA,5.928571428571026,7.2358235783591365,35.10537424233145,35.24047687519735,0.9341991341990707,-0.39790219316156583
Animaux et articles pour animaux de compagnie,SOUTH,test,Hybrid,5.892709930027832,7.019300181629316,36.085987230418255,32.72410661754885,0.928548231398325,-0.3154928085826165
Animaux et articles pour animaux de compagnie,WEST,validation,SARIMA,7.972315420480388,9.749688540682873,29.615429028168045,32.634102494292065,1.1326786936201645,-2.6460590336392595
Animaux et articles pour animaux de compagnie,WEST,validation,Hybrid,5.3581856089550435,7.227582589133453,19.708185570921216,21.827342547413856,0.7612722723105526,-1.0036798828833198
Animaux et articles pour animaux de compagnie,WEST,test,SARIMA,5.978076010907834,7.51751875886161,36.108591819899836,28.77122146018146,0.8493441326972879,-0.8278160568989923
Animaux et articles pour animaux de compagnie,WEST,test,Hybrid,5.952772947259747,7.081733580769964,35.24229995995117,28.480683315422258,0.8457491619057563,-0.6220439438556062
"Appareils photo, caméras et instruments d'optique",EAST,validation,SARIMA,4.923076923076923,5.602197371087115,118.43030900723208,82.99606179991778,1.471264367816092,-1.3763440860215055
"Appareils photo, caméras et instruments d'optique",EAST,validation,Hybrid,4.854043219525081,5.4604452785191775,121.23716498632658,78.97564058054152,1.4506336058350815,-1.2576085063215512
"Appareils photo, caméras et instruments d'optique",EAST,test,SARIMA,2.21428571428569,2.6859422395661485,72.07482993197218,58.76330019187054,0.6617405582922752,-1.4506065857885284
"Appareils photo, caméras et instruments d'optique",EAST,test,Hybrid,2.2598560984645326,2.6108360554383347,78.02373188592078,55.747275410398956,0.6753592937939983,-1.315471615323836
"Appareils photo, caméras et instruments d'optique",NORTH,validation,SARIMA,3.4615384615384617,4.178700570935714,62.414529914529915,48.7250176723861,0.9773755656108598,-1.5571923743500866
"Appareils photo, caméras et instruments d'optique",NORTH,validation,Hybrid,3.336517492165932,3.9975866101385065,60.88988430252223,46.66583379241186,0.9420755271997927,-1.3403276267239308
"Appareils photo, caméras et instruments d'optique",NORTH,test,SARIMA,2.2142857142857144,2.9640705601780617,67.73809523809523,44.82913911485339,0.6252100840336136,-1.5933734939759039
"Appareils photo, caméras et instruments d'optique",NORTH,test,Hybrid,2.484562291763723,3.3209542029398125,77.81172879365465,46.68279401424843,0.7015234706156395,-2.2554705065250404
"Appareils photo, caméras et instruments d'optique",SOUTH,validation,SARIMA,3.1538461538461537,4.104406637524338,165.36630036630035,75.0982350982351,1.5384615384615385,-4.371698113207547
"Appareils photo, caméras et instruments d'optique",SOUTH,validation,Hybrid,3.1101794311633477,4.027639958392649,164.26715730092462,71.50219925998125,1.5171606981284624,-4.172638366453874
"Appareils photo, caméras et instruments d'optique",SOUTH,test,SARIMA,1.8461538461538463,2.449489742783178,61.53846153846153,53.2112332112332,0.9005628517823641,-1.2139737991266375
"Appareils photo, caméras et instruments d'optique",SOUTH,test,Hybrid,2.1024151902932386,2.604371961870506,73.06308140357338,57.08878387751108,1.025568385508897,-1.502806354511684
"Appareils photo, caméras et instruments d'optique",WEST,validation,SARIMA,3.230769230769231,4.132423390327167,46.227106227106226,60.51282051282052,1.1217948717948718,-1.3199356913183284
"Appareils photo, caméras et instruments d'optique",WEST,validation,Hybrid,3.1473217950417447,3.9006356023989546,47.57650588763029,58.056830478960315,1.0928200677228281,-1.0669838580037632
"Appareils photo, caméras et instruments d'optique",WEST,test,SARIMA,1.5714285714253162,2.0701966780192,75.83333333317057,50.374149659831794,0.5456349206337904,-1.2281167108584068
"Appareils photo, caméras et instruments d'optique",WEST,test,Hybrid,1.5354821681943764,2.0299318751149187,80.7077577708524,46.29350057546638,0.5331535306230474,-1.142286975732317
Appareils électroniques,EAST,validation,SARIMA,8.230769230769234,10.103312480415672,20.15245597156525,18.11481129482969,0.6331360946745564,-2.5134419551934832
Appareils électroniques,EAST,validation,Hybrid,6.091731456609875,7.293936664793431,14.34378142812623,13.58951883001426,0.4685947274315288,-0.8311722077053012
Appareils électroniques,EAST,test,SARIMA,8.214285714285873,9.852483370776826,27.671467111668573,25.008154767288964,0.6318681318681441,-0.5786591437106738
Appareils électroniques,EAST,test,Hybrid,8.688163689204782,13.0079810983255,30.073481021754038,23.54090410267636,0.6683202837849832,-1.7517992168819387
Appareils électroniques,NORTH,validation,SARIMA,5.923076923076925,8.128771314099264,15.964526334577503,13.965005564625397,0.5877862595419849,-0.3486714975845415
Appareils électroniques,NORTH,validation,Hybrid,7.012650466882268,8.2008800080868,17.282704977752605,16.632010536172963,0.6959118783928968,-0.3727052127161088
Appareils électroniques,NORTH,test,SARIMA,8.285714285714262,10.796824930109183,48.34292878336926,27.196989002970973,0.8222464558342397,-0.4743498741691765
Appareils électroniques,NORTH,test,Hybrid,7.180840913738499,9.461677065222842,40.572292168735316,23.57541562804932,0.7126025334244313,-0.1322561299455718
Appareils électroniques,SOUTH,validation,SARIMA,4.461538461538462,5.306019803378626,20.755621616235427,18.28063406513226,0.5686274509803922,-1.327788649706457
Appareils électroniques,SOUTH,validation,Hybrid,3.8446273803710938,4.375720820092356,17.525717594385647,16.29076051902758,0.4900015288708257,-0.5830878794133372
Appareils électroniques,SOUTH,test,SARIMA,5.2142857142857135,6.386369413502031,37.71596005062823,30.507949958275738,0.6645658263305322,-0.38017955801104963
Appareils électroniques,SOUTH,test,Hybrid,4.311048772718224,5.8569519634025164,34.89355513568638,23.693093438094667,0.5494473926013423,-0.1608359314769512
Appareils électroniques,WEST,validation,SARIMA,6.923076923076923,8.114564304148058,23.558639818503718,21.911005382045012,0.6741573033707865,-2.001078748651564
Appareils électroniques,WEST,validation,Hybrid,5.745587193048918,6.866172159216051,18.96106339664184,18.86656502840205,0.5594953820946511,-1.1487028317904309
Appareils électroniques,WEST,test,SARIMA,5.000000000000105,6.117889458675524,37.83184731679715,25.88239916408374,0.48689138576780044,0.31802547178578344
Appareils électroniques,WEST,test,Hybrid,6.377061596938646,8.428252163987988,57.0236797396381,29.867068877579584,0.620987271612003,-0.29431488052380494
Arts et loisirs,EAST,validation,SARIMA,7.230769230769231,8.995725480642287,23.53603767386689,20.812557228228776,0.6460481099656358,-2.4465725806451615
Arts et loisirs,EAST,validation,Hybrid,4.78645361501437,5.627050466499899,15.374683637565917,14.625668001697996,0.42765564945145573,-0.34857983492406963
Arts et loisirs,EAST,test,SARIMA,6.357142857142506,8.556534679078338,39.03044476352307,26.226268066713512,0.5679921453117016,-0.19543485504806446
Arts et loisirs,EAST,test,Hybrid,6.7012136780786395,9.388839149983577,39.17358264186117,26.08195928470308,0.5987338681444833,-0.4393084733851893
Arts et loisirs,NORTH,validation,SARIMA,7.769230769230769,8.260191839828492,21.31418650032678,21.252130212463516,0.8523206751054853,-1.0236925236925232
Arts et loisirs,NORTH,validation,Hybrid,6.3046350204027615,7.326900312156399,16.57993279723374,17.47128969584626,0.691647723757265,-0.5922264168379963
Arts et loisirs,NORTH,test,SARIMA,5.14285714285717,7.699721701835431,35.727187232494146,21.791815498545727,0.5641952983725166,-0.3325688073394768
Arts et loisirs,NORTH,test,Hybrid,6.586442413074656,9.059718536459524,39.12177086594109,25.102463987397957,0.7225633027001733,-0.8448837146942878
Arts et loisirs,SOUTH,validation,SARIMA,4.769172999688862,5.7588293889091675,24.75990975140788,23.217318555856608,0.9841150634278604,-1.0059898325931664
Arts et loisirs,SOUTH,validation,Hybrid,4.239648967379586,4.844412455765865,21.219228023767773,20.7960997341212,0.8748481996180099,-0.4195233053067031
Arts et loisirs,SOUTH,test,SARIMA,4.984578055829656,6.089046603462663,53.469299169468265,34.66568506214196,1.0285637258061195,-0.3447431076372087
Arts et loisirs,SOUTH,test,Hybrid,4.7046813553803135,6.0580435872549785,54.064435916310636,31.802768588531617,0.9708072638086362,-0.33108416961434295
Arts et loisirs,WEST,validation,SARIMA,4.461538461538462,5.56085217597779,22.531531858454937,19.277037844451016,0.6590909090909092,-0.07266009852216748
Arts et loisirs,WEST,validation,Hybrid,4.893961790662545,5.508465860851625,22.22935156084841,21.286785002387845,0.7229716281660579,-0.05254518630713534
Arts et loisirs,WEST,test,SARIMA,4.7857142857141985,5.5613461885203375,35.75878799562886,29.798553422502582,0.7069805194805067,-1.128511235954936
Arts et loisirs,WEST,test,Hybrid,4.26703650025376,5.277884908122795,33.754772299367026,25.661563641172506,0.6303576648102146,-0.9170609354861345
Bagages et maroquinerie,EAST,validation,SARIMA,6.3114545801055,7.682947938272293,18.021858746552343,18.689659295710687,0.7044034129582031,-0.33758104649399545
Bagages et maroquinerie,EAST,validation,Hybrid,6.135719470644878,7.383549743913831,17.873469511901696,17.879718239398656,0.6847901194916157,-0.2353634154898967
Bagages et maroquinerie,EAST,test,SARIMA,8.162942146180637,10.649375520920838,50.12318341909952,33.44461084344551,0.9110426502433745,-0.9875002683454255
Bagages et maroquinerie,EAST,test,Hybrid,8.657817661216862,11.865109864318335,54.91682637552721,32.63167326559667,0.9662742925465247,-1.467189117498164
Bagages et maroquinerie,NORTH,validation,SARIMA,7.461538461538462,9.450274721281508,19.359980640487077,21.627760253931847,0.8434782608695652,-1.4335698161883257
Bagages et maroquinerie,NORTH,validation,Hybrid,6.550423552210514,8.68728454557416,17.115328362241552,18.6430091362016,0.7404826624237972,-1.0564731149799105
Bagages et maroquinerie,NORTH,test,SARIMA,8.571428571428433,9.827076298239714,50.55968481790188,34.82342035351868,0.9689440993788663,-0.48292071450949936
Bagages et maroquinerie,NORTH,test,Hybrid,7.969845128910746,9.500352112264315,56.861133358156394,30.826367789027277,0.9009390145725191,-0.3859535639590239
Bagages et maroquinerie,SOUTH,validation,SARIMA,7.3076923076923075,8.888194417315589,46.18901080768915,36.455863684311225,1.0674157303370786,-0.5082467239042028
Bagages et maroquinerie,SOUTH,validation,Hybrid,6.802136426934829,8.00246686929133,42.191388831447,34.94638687672137,0.9935704893275593,-0.22262442871710508
Bagages et maroquinerie,SOUTH,test,SARIMA,6.071428571428823,6.713525792862689,43.33808908179076,39.01088611128568,0.8868378812199406,-0.65028955725776
Bagages et maroquinerie,SOUTH,test,Hybrid,5.738478787243618,7.120615727513258,42.83372390912633,33.942549306556025,0.838204766676034,-0.8564956088971041
Bagages et maroquinerie,WEST,validation,SARIMA,4.076923076923077,4.6160255965161525,17.333346494870998,17.4830630592344,0.6928104575163397,-0.9634678298800434
Bagages et maroquinerie,WEST,validation,Hybrid,2.599155971637138,3.2543074763735853,10.871539243663959,11.147365803238916,0.441686635703043,0.024101745647769013
Bagages et maroquinerie,WEST,test,SARIMA,4.571428571429081,5.656854249492562,30.55235281478804,25.574300078437147,0.7768440709618045,-0.9280664002460501
Bagages et maroquinerie,WEST,test,Hybrid,5.029431762440374,6.318375702034763,33.86872703744295,26.86757047270482,0.8546746785846386,-1.4053755967920085
Bébés et tout-petits,EAST,validation,SARIMA,7.175377217270358,9.640126934179627,20.656928872390985,19.91544245500912,0.607686669866545,-2.4321494744097767
Bébés et tout-petits,EAST,validation,Hybrid,6.059902873970491,7.584155484537675,16.75522276248778,17.28479077980634,0.5132165300431034,-1.1242965550493116
Bébés et tout-petits,EAST,test,SARIMA,8.63019601624239,11.041817753876927,57.005023550071556,36.306703494864564,0.7308960795514727,-1.0572194305033582
Bébés et tout-petits,EAST,test,Hybrid,8.768197012227489,10.306840396051303,54.49399463004478,35.20094210586467,0.7425834603189404,-0.792464527732119
Bébés et tout-petits,NORTH,validation,SARIMA,5.846153846153846,7.168306312136458,17.21068862120636,16.445176749194047,0.5588235294117647,-0.8297513695743777
Bébés et tout-petits,NORTH,validation,Hybrid,5.406513787232912,6.5758770382218055,15.245169660370985,15.46279394871953,0.5167991120149107,-0.5398071725424269
Bébés et tout-petits,NORTH,test,SARIMA,7.357142857142876,9.176834188013121,51.072955352887895,30.50875768074182,0.7032563025210102,0.09127945386477987
Bébés et tout-petits,NORTH,test,Hybrid,8.623010186744606,10.151858180694763,56.80651948448615,33.92734980299091,0.8242583266741168,-0.11207905781238048
Bébés et tout-petits,SOUTH,validation,SARIMA,3.6674826777639162,4.619845994515414,20.893677926925626,19.04617244953177,0.6442874974450122,0.024090066232743568
Bébés et tout-petits,SOUTH,validation,Hybrid,3.75140963932942,4.168518346141876,20.723106053211293,19.36463291487648,0.6590314231254386,0.20545559005451375
Bébés et tout-petits,SOUTH,test,SARIMA,4.721158853545567,6.217279759119159,27.720179382862575,27.450163616492492,0.8293927715688157,-0.2500074658006841
Bébés et tout-petits,SOUTH,test,Hybrid,4.441061605246785,5.268722931223664,28.858690570551815,25.759518736212065,0.7801864982190297,0.10231801684599806
Bébés et tout-petits,WEST,validation,SARIMA,4.538461538461539,5.269651864139677,17.245487338786955,16.690808020397114,0.7065868263473055,-0.8534755134281196
Bébés et tout-petits,WEST,validation,Hybrid,3.5148680347662706,4.445758682244064,13.03493854929276,13.73979492868193,0.5472249634965451,-0.319212548999404
Bébés et tout-petits,WEST,test,SARIMA,3.7857142857146866,4.862392121462475,19.956382792355036,20.196063916271566,0.5893926432849212,-0.6887755102043103
Bébés et tout-petits,WEST,test,Hybrid,4.653797099633278,5.753818472233354,26.966243967487515,23.256056958893037,0.7245432610207497,-1.3647447865295548
Entreprise et industrie,EAST,validation,SARIMA,4.384615384615385,5.87694321381971,41.409794956175055,33.789734957066926,0.8507462686567164,-2.7804404145077717
Entreprise et industrie,EAST,validation,Hybrid,4.054207993241457,5.299757628793329,39.04370845845273,31.29200561595585,0.7866373718229692,-2.074336674966368
Entreprise et industrie,EAST,test,SARIMA,2.9999999999991553,3.644957377763504,25.37776707417453,25.838681666276276,0.582089552238642,0.09457579972195107
Entreprise et industrie,EAST,test,Hybrid,2.4100816684899655,3.1564034930614047,22.480057887087916,21.579216796454265,0.4676277864234261,0.32102744431223706
Entreprise et industrie,NORTH,validation,SARIMA,3.111184655877071,3.7732783407874395,21.156651528514452,21.73036668865885,0.7033982700243813,-1.08145274642076
Entreprise et industrie,NORTH,validation,Hybrid,2.44670903355819,3.32794358805446,17.077457682852813,16.75032399862091,0.5531689988914168,-0.619126505857355
Entreprise et industrie,NORTH,test,SARIMA,3.9718039761156105,5.077948604466703,43.14015384835258,36.85249096421807,0.8979730728609205,-0.24820206416464452
Entreprise et industrie,NORTH,test,Hybrid,3.7924603287920617,4.892726348102355,43.28978950847878,33.729485263725614,0.8574258134660313,-0.15880443047995563
Entreprise et industrie,SOUTH,validation,SARIMA,3.384615384615384,4.169486225497739,43.543956043956044,38.39395826845219,0.9777777777777776,-0.9482758620689649
Entreprise et industrie,SOUTH,validation,Hybrid,3.2159387767314906,3.970517039038411,42.130581522303586,35.9165014229795,0.9290489799446529,-0.7667678641795392
Entreprise et industrie,SOUTH,test,SARIMA,2.5714285714283798,3.047247001099905,86.41156462584074,59.65986394557633,0.7428571428570875,-0.274509803921305
Entreprise et industrie,SOUTH,test,Hybrid,2.271959740136159,2.7401798554025003,88.7629892210678,48.51479075924451,0.6563439249282237,-0.030590185875993603
Entreprise et industrie,WEST,validation,SARIMA,3.6800117464535096,4.504593288331116,38.725449818976344,41.77254325419395,0.747502385998369,-1.7130062952246345
Entreprise et industrie,WEST,validation,Hybrid,3.4316094844902523,4.146270411692473,36.00430598983885,38.14184807098056,0.6970456765370825,-1.2985548712358574
Entreprise et industrie,WEST,test,SARIMA,3.036142056267034,3.608086400744435,56.42719753642334,41.22570905763638,0.6167163551792413,-0.7044651604184624
Entreprise et industrie,WEST,test,Hybrid,2.904521259354836,3.677618810206378,55.19926839188345,36.98785039039222,0.5899808808064511,-0.7707925866292713
Fournitures de bureau,EAST,validation,SARIMA,7.230769230769228,8.602325267042627,22.51378968896745,21.6581067880395,0.6394557823129249,-0.24735687213245527
Fournitures de bureau,EAST,validation,Hybrid,6.395611306795707,7.484571299836115,19.286983303608825,18.951367987913592,0.5655982788322733,0.05573723572173861
Fournitures de bureau,EAST,test,SARIMA,7.2857142857142225,9.094739452798176,37.95090222970336,29.698300976149113,0.644314868804659,-1.1328772529929743
Fournitures de bureau,EAST,test,Hybrid,8.57130944356316,10.757563797655292,46.034322136083716,33.118910440346376,0.7580069575940209,-1.9840988102463166
Fournitures de bureau,NORTH,validation,SARIMA,4.615384615384613,5.477225575051661,13.108337405279306,12.761548476798756,0.41666666666666646,0.3539755351681957
Fournitures de bureau,NORTH,validation,Hybrid,5.478874096503622,6.0965862110315765,15.339786624251664,15.290133844796507,0.494620578156577,0.19961093024677368
Fournitures de bureau,NORTH,test,SARIMA,4.928571428571694,6.562882641906417,32.359734069585336,21.411238264844524,0.4449404761905002,0.16158506306469733
Fournitures de bureau,NORTH,test,Hybrid,6.68706890727819,9.777955510548889,41.689366162634364,25.775682057180365,0.6036937207959477,-0.8610834380166432
Fournitures de bureau,SOUTH,validation,SARIMA,3.384615384615386,3.980722779364805,17.301638751261862,16.39880609706591,0.6376811594202901,-0.1633362293657692
Fournitures de bureau,SOUTH,validation,Hybrid,2.8127574645555935,3.128425903815735,13.798498145199078,13.780573866724863,0.5299398121626481,0.28148947896288645
Fournitures de bureau,SOUTH,test,SARIMA,4.571428571428586,5.940177967511941,30.838466984143846,27.98451334987032,0.8612836438923424,-0.9686877312838034
Fournitures de bureau,SOUTH,test,Hybrid,4.907976490046312,5.9652314416038585,34.533546689472516,29.696082928446057,0.9246912227623486,-0.9853291448255774
Fournitures de bureau,WEST,validation,SARIMA,4.615384615384615,5.602197371087115,22.399007873481168,20.137962617833544,0.5687203791469194,-0.7504950495049505
Fournitures de bureau,WEST,validation,Hybrid,3.654453366994858,4.40412320634551,17.15867626638296,16.37856455490458,0.4503117892979446,-0.08183990284402887
Fournitures de bureau,WEST,test,SARIMA,4.285714285713778,5.084991923015783,30.363882944860777,25.49162156047594,0.528097494922077,0.1315969842360165
Fournitures de bureau,WEST,test,Hybrid,4.138171032070606,5.443517560716072,31.256085996558312,22.67879572122339,0.5099168096390321,0.004823654381502118
Jeux et jouets,EAST,validation,SARIMA,4.384615384615385,5.427848419174808,29.59336704019962,28.025199554032557,0.8636363636363638,-0.513373860182371
Jeux et jouets,EAST,validation,Hybrid,3.9445209319774923,4.849941790797463,27.43700704274411,25.290441185180615,0.7769510926622334,-0.20826962864039733
Jeux et jouets,EAST,test,SARIMA,5.357142857142385,6.193314367697991,75.23475590700122,47.73556776253479,1.0551948051947122,-0.7565420560743774
Jeux et jouets,EAST,test,Hybrid,4.975474705653059,5.743049616869241,79.22368652809692,43.206242144126755,0.9800177450528753,-0.5104189964385746
Jeux et jouets,NORTH,validation,SARIMA,4.167476463998089,5.8783886482640835,20.73387589923943,24.93227375693469,0.9029532338662526,-2.119589515975837
Jeux et jouets,NORTH,validation,Hybrid,3.353421876285434,4.973568560572522,16.536884705549056,19.128810503666408,0.7265747398618441,-1.2331457982451428
Jeux et jouets,NORTH,test,SARIMA,4.94041508439263,5.922279323199263,36.957998890930746,37.433002324331774,1.07042326828507,-1.4377251442804018
Jeux et jouets,NORTH,test,Hybrid,4.95869644202159,5.603611175318343,39.478536827282,35.38095439213351,1.074384229104678,-1.1824431943311753
Jeux et jouets,SOUTH,validation,SARIMA,3.3846153846153846,4.6076858867298265,51.59912736835813,34.64172098002242,0.9166666666666666,-1.502092050209205
Jeux et jouets,SOUTH,validation,Hybrid,3.290406543474931,4.3859259943984545,50.28684078673794,34.494574778764516,0.8911517721911271,-1.2670450585700643
Jeux et jouets,SOUTH,test,SARIMA,2.999999999999397,3.7032803990890657,89.15043290037259,47.79911817505505,0.8124999999998366,-0.796791443849161
Jeux et jouets,SOUTH,test,Hybrid,2.7339311123686536,3.526933033794823,88.00404867159948,41.6503659405244,0.7404396762665103,-0.6297421781250925
Jeux et jouets,WEST,validation,SARIMA,4.0,4.4549022263293105,38.317056874749184,39.491877359432024,0.9541284403669724,-0.18936170212765968
Jeux et jouets,WEST,validation,Hybrid,3.683244271347156,4.191814584287095,35.56335919717441,34.88871060060907,0.8785720280277619,-0.053032378378757405
Jeux et jouets,WEST,test,SARIMA,4.071428571428564,4.728334046695808,87.64608407465471,52.39295822343911,0.9711664482306666,-0.8373165618448557
Jeux et jouets,WEST,test,Hybrid,4.300535089070236,5.155836911542445,95.7588685489046,51.44272701098784,1.0258157093195057,-1.1845703289941358
Logiciels,EAST,validation,SARIMA,1.0769230769230769,1.3008872711759818,36.79487179487179,35.452325452325454,0.7427055702917772,-0.2767857142857142
Logiciels,EAST,validation,Hybrid,1.0776372583439717,1.2765160063536605,38.40937584686356,33.840522027918055,0.7431981092027391,-0.22939435869031066
Logiciels,EAST,test,SARIMA,2.5,3.1735514130747227,77.90816326530613,79.81423338566195,1.7241379310344829,-4.140624999999998
Logiciels,EAST,test,Hybrid,2.3290605851049935,2.8876340271211505,76.47188025767451,66.09847426068593,1.6062486793827542,-3.2560737859875797
Logiciels,NORTH,validation,SARIMA,2.0,2.385855756810896,92.56410256410257,71.34310134310134,0.8,-1.0381355932203395
Logiciels,NORTH,validation,Hybrid,1.9364109555116067,2.295838388631034,97.05500577122736,66.8908844999219,0.7745643822046426,-0.8872408691405047
Logiciels,NORTH,test,SARIMA,1.3076923076923077,1.6408253082847342,61.53846153846154,67.1062271062271,0.5230769230769231,-3.840425531914894
Logiciels,NORTH,test,Hybrid,1.5913823659603412,1.9328504868642458,70.75491221860433,57.566691192586184,0.6365529463841365,-5.716691061410195
Logiciels,SOUTH,validation,SARIMA,1.4,2.1908902300206643,70.0,65.33333333333334,1.1199999999999999,-2.404255319148936
Logiciels,SOUTH,validation,Hybrid,1.3741840466856956,2.068404809617865,75.7353358566761,61.20891041638445,1.0993472373485564,-2.0342542244328476
Logiciels,SOUTH,test,SARIMA,1.2727272727272727,1.5374122295716148,79.54545454545455,81.38528138528137,1.018181818181818,-0.7439024390243902
Logiciels,SOUTH,test,Hybrid,1.1120582927357068,1.4442258997742694,78.45499921928753,53.8311593251386,0.8896466341885654,-0.5389048926770399
Logiciels,WEST,validation,SARIMA,1.7,2.0736441353327724,107.5,75.33333333333334,0.85,-2.3333333333333344
Logiciels,WEST,validation,Hybrid,1.7413784682750701,2.1034011697304087,116.75831483056149,73.11532215127133,0.8706892341375351,-2.429687194436629
Logiciels,WEST,test,SARIMA,1.4999999999999998,1.7606816861659007,63.33333333333333,85.33333333333333,0.7499999999999999,-1.56198347107438
Logiciels,WEST,test,Hybrid,1.285458332300186,1.5062159397261157,58.01352302233378,55.33163352358931,0.642729166150093,-0.8749474851942363
Lots,EAST,validation,SARIMA,2.923076923076923,3.4641016151377544,51.01204351204351,48.36567615919842,0.6766381766381766,-0.38147138964577665
Lots,EAST,validation,Hybrid,2.782850101017035,3.2724016940732636,50.30979644086012,45.34065892662125,0.6441782641243137,-0.23280352261998138
Lots,EAST,test,SARIMA,2.923076923076923,3.5300904324873126,76.98107448107449,58.18615773366905,0.6766381766381766,-0.9682242990654206
Lots,EAST,test,Hybrid,3.08894154887933,4.3236567386093645,89.63674034382035,55.03383309381584,0.7150327659442893,-1.952604937636866
Lots,NORTH,validation,SARIMA,3.3076923076923075,4.548879828299237,44.52686202686203,48.03064405764841,1.1327713382507902,-1.9485666104553117
Lots,NORTH,validation,Hybrid,3.231654634555945,4.327919168059838,44.17409322032379,45.56111513510296,1.106731039231488,-1.6690720497208251
Lots,NORTH,test,SARIMA,2.142857142856055,2.7255405754765882,44.61167800448077,38.629451780677485,0.733855185909608,-0.7821297429615344
Lots,NORTH,test,Hybrid,2.43535433496639,2.9774957092677337,52.36812929737766,40.76714096733466,0.8340254571802705,-1.1268472667646536
Lots,SOUTH,validation,SARIMA,1.8461538461538463,2.3204774044612857,49.35897435897436,48.5012423473962,0.8241758241758241,-12.787878787878785
Lots,SOUTH,validation,Hybrid,1.7074756298500757,2.240386713261887,45.8920189513801,41.42818403196083,0.7622659061830694,-11.852533539671324
Lots,SOUTH,test,SARIMA,1.7499999999932043,2.2173557825960857,115.97222222154262,63.35497835490285,0.7812499999969661,-4.0571428570869355
Lots,SOUTH,test,Hybrid,2.044378777338226,2.4545013680421803,133.54282261114906,67.646801418283,0.9126690970259936,-5.1967077361701035
Lots,WEST,validation,SARIMA,2.0833333333333335,2.6299556396765835,38.90873015873016,45.18416768416768,0.8620689655172415,-1.2035398230088492
Lots,WEST,validation,Hybrid,2.066526632445554,2.4404152653222213,43.49374029105382,45.13223865293424,0.8551144685981602,-0.8973677877861788
Lots,WEST,test,SARIMA,1.9230769230766909,2.586949495507639,97.56410256407935,56.65829896598094,0.7957559681696652,-1.3464730290454798
Lots,WEST,test,Hybrid,1.7693886860056536,2.5094916968041416,100.57849542450414,48.69284680850582,0.7321608355885464,-1.2080616377584832
Maison et jardin,EAST,validation,SARIMA,10.233134172494042,12.082214541747472,9.58884384798304,9.44915404367423,0.4619123063973005,-1.1894395182237827
Maison et jardin,EAST,validation,Hybrid,12.067098483653616,16.061946417480236,11.38580069476813,11.234391969526628,0.5446954176649202,-2.8693339314290953
Maison et jardin,EAST,test,SARIMA,15.52335504417135,20.500387931403516,30.244183074758276,20.689592480383443,0.7007069985216234,-0.2265604098791616
Maison et jardin,EAST,test,Hybrid,16.463188981624455,20.668888854564248,30.54468165146239,21.438530287320013,0.7431300581983261,-0.24680645994515427
Maison et jardin,NORTH,validation,SARIMA,13.0,16.26936715709335,12.380184885961103,11.674397441835692,0.49056603773584906,-1.2626707132018211
Maison et jardin,NORTH,validation,Hybrid,20.518618473639854,24.275488327887984,18.750182743980552,18.89203832516321,0.7742874895713152,-4.037510742094333
Maison et jardin,NORTH,test,SARIMA,15.285714285714294,21.084862545708702,31.60372445023492,20.46183907137111,0.5768194070080865,-0.30061496208729177
Maison et jardin,NORTH,test,Hybrid,14.210356759173537,19.55327190913996,29.455494183395352,19.37880624116011,0.5362398777046617,-0.11852598216522336
Maison et jardin,SOUTH,validation,SARIMA,8.692307692307693,11.296697951852329,13.367335849655804,13.360946146114564,0.6010638297872342,-0.5781501536660325
Maison et jardin,SOUTH,validation,Hybrid,11.909866310082949,14.43617931512874,18.32749799634459,17.350941522264005,0.8235545852716932,-1.5772100961462825
Maison et jardin,SOUTH,test,SARIMA,9.714285714285674,11.832159566199154,22.14112718151476,20.36668849512186,0.6717325227963499,-0.30418250950568626
Maison et jardin,SOUTH,test,Hybrid,10.543682946690451,14.56465204843004,25.11344172823824,20.216877020038414,0.7290844590796588,-0.976107485798485
Maison et jardin,WEST,validation,SARIMA,9.092012054923705,11.14655637416716,11.48749857922764,11.506911653903302,0.57516377963021,-1.2361583079254763
Maison et jardin,WEST,validation,Hybrid,6.510965513785191,8.18903998629618,8.040400532786975,7.877322723954932,0.4118858962491848,-0.20694393254735433
Maison et jardin,WEST,test,SARIMA,7.738820507766225,11.050567234495187,21.309115106378957,15.906544627240091,0.48956042141586825,0.23787463473958514
Maison et jardin,WEST,test,Hybrid,11.99845164494806,18.13003362438185,30.090326124440796,21.01694860944855,0.7590261381232349,-1.0514195627243565
Meubles,EAST,validation,SARIMA,8.083353340191932,10.7178548425953,17.611005526183483,17.84566696180227,0.6757787358359815,-4.428813674539556
Meubles,EAST,validation,Hybrid,7.490583446875809,9.549342572066918,16.046350926810828,15.563139145037308,0.6262224103497461,-3.3095918516271094
Meubles,EAST,test,SARIMA,6.698163805391815,8.358008231990222,28.568364993458502,21.817462698479343,0.5599751091324346,-0.10089532160321624
Meubles,EAST,test,Hybrid,6.501734930618177,11.132819365406899,27.02727794358436,18.682924260135085,0.543553402559719,-0.9532181986383099
Meubles,NORTH,validation,SARIMA,7.452064461486528,9.041025137792978,14.63085566076949,15.827854051203378,0.6311194657936473,-3.2322557924732145
Meubles,NORTH,validation,Hybrid,5.359492130299173,7.040899949418869,10.388587170559424,11.22889987756693,0.45389835631198205,-1.566805142314891
Meubles,NORTH,test,SARIMA,7.9633445260744145,10.53737664888869,39.37484226501927,26.666778402067816,0.6744200575828494,-0.5244547563425856
Meubles,NORTH,test,Hybrid,9.1326242863261,13.688217972645553,42.48322964796625,26.382618224801075,0.773447007962471,-1.5724287621367834
Meubles,SOUTH,validation,SARIMA,6.000000000000001,6.872464567443709,24.363023018452136,22.932194080953426,0.7123287671232877,-1.5069095477386933
Meubles,SOUTH,validation,Hybrid,4.48463237285614,5.216613180807433,18.161945525213234,17.506261210814312,0.5324221081929664,-0.4444114228050813
Meubles,SOUTH,test,SARIMA,4.999999999999853,5.879747322073161,31.249781132502136,28.722071662380092,0.5936073059360555,0.0423968343697575
Meubles,SOUTH,test,Hybrid,5.009285028491554,6.057971915632408,34.119496367638675,26.764628331842154,0.5947096380857553,-0.01653598801523959
Meubles,WEST,validation,SARIMA,5.461538461538461,6.3306337026338095,17.794286058133775,17.295444935276446,0.604255319148936,-0.5400181900864025
Meubles,WEST,validation,Hybrid,4.334861805805792,5.9484682964118,13.173693632152448,14.134352024575499,0.4796017317061727,-0.3596958816296856
Meubles,WEST,test,SARIMA,5.285714285714002,6.233549779791519,22.892968784123326,22.43346292904269,0.5848024316109109,-0.5156218905471093
Meubles,WEST,test,Hybrid,6.392941087484076,9.203881659191207,30.22315835086064,23.619849673454468,0.7073041203173872,-2.304167516197746
Modules complémentaires du produit,EAST,validation,SARIMA,2.769230769230769,3.038218101251,148.46153846153845,94.37118437118437,1.6761133603238867,-6.155963302752295
Modules complémentaires du produit,EAST,validation,Hybrid,2.82493255344721,3.0699316675116233,156.28692394265764,92.10897975964075,1.7098275981391007,-6.30613392155609
Modules complémentaires du produit,EAST,test,SARIMA,2.4545454545454546,3.0301515113634467,93.18181818181817,84.01154401154402,1.485645933014354,-1.6452380952380952
Modules complémentaires du produit,EAST,test,Hybrid,2.2355090379714966,2.5899296672820733,93.21916827424008,71.05265936572249,1.353071259824853,-0.9324667082323992
Modules complémentaires du produit,NORTH,validation,SARIMA,2.0,2.1838568563966754,90.34798534798534,73.07248307248307,1.05,-0.8401826484018264
Modules complémentaires du produit,NORTH,validation,Hybrid,1.980855752642338,2.14942494791864,93.39019802736712,68.14800034093604,1.0399492701372275,-0.7826133916397782
Modules complémentaires du produit,NORTH,test,SARIMA,2.5714285714285716,2.903200204700225,116.42857142857143,80.61224489795917,1.35,-1.4879518072289155
Modules complémentaires du produit,NORTH,test,Hybrid,2.6609243356755803,3.0256522426649846,126.91081967204806,75.64036272818488,1.3969852762296797,-1.70225303122674
Modules complémentaires du produit,SOUTH,validation,SARIMA,1.1538461538461537,1.593255013631383,51.831501831501825,54.61538461538461,0.903010033444816,-0.06188118811881216
Modules complémentaires du produit,SOUTH,validation,Hybrid,1.2532084194513469,1.560849376341319,60.90559347263186,51.672793013923815,0.9807718065271411,-0.019124705645147122
Modules complémentaires du produit,SOUTH,test,SARIMA,0.9999999999991784,1.3228756555316743,99.99999999991785,70.83333333300469,0.782608695651531,-14.999999999984977
Modules complémentaires du produit,SOUTH,test,Hybrid,1.465011946856154,1.6898682536146117,143.54883842162022,81.64809287546751,1.1465310888439466,-25.108843104681117
Modules complémentaires du produit,WEST,validation,SARIMA,1.4134786590475157,1.9143523155710764,62.372365557994115,58.97847889265719,1.7275850277247413,-0.7594939465749029
Modules complémentaires du produit,WEST,validation,Hybrid,1.5128409246527086,1.8657557123050432,75.22116121038364,61.6823387745532,1.8490277967977549,-0.6712968746642445
Modules complémentaires du produit,WEST,test,SARIMA,1.094572492716504,1.4156445614673339,59.049852321319364,89.25639437689317,1.3378108244312825,-0.423043569855609
Modules complémentaires du produit,WEST,test,Hybrid,1.0001770221567072,1.2110730583511295,55.71845222076976,57.92908847486448,1.2224385826359754,-0.04147879832020607
Médias,EAST,validation,SARIMA,7.769230769230769,9.384930637832284,47.48535218097552,47.093029454552315,1.6694214876033056,-1.441765091863517
Médias,EAST,validation,Hybrid,7.275438638833853,8.611413297523086,44.61734292344115,42.994544631919226,1.563317393468431,-1.0558461594074813
Médias,EAST,test,SARIMA,4.071428571428151,4.636809247747126,34.901623727632575,31.45162598675963,0.8748524203068754,-0.24196875920975014
Médias,EAST,test,Hybrid,3.7357223949257876,4.909031237392651,33.21286036541693,26.14521472885389,0.8027172088270287,-0.3920787465902087
Médias,NORTH,validation,SARIMA,4.959947167150645,5.680581698909663,34.50218098354786,32.63289461227248,0.8373936775708881,-0.28377175753763373
Médias,NORTH,validation,Hybrid,5.110527103732209,5.736010905258241,37.99614983621842,33.66496251781152,0.8628162642664767,-0.3089472144034384
Médias,NORTH,test,SARIMA,4.896572356485834,5.885432319006969,43.275394184176506,34.34631788191801,0.8266940342118939,-0.4082367687193327
Médias,NORTH,test,Hybrid,4.780370510060174,5.433352513932065,44.53521425275303,33.37122636034589,0.8070755406595099,-0.20020299314826162
Médias,SOUTH,validation,SARIMA,3.0154309295565183,3.841500603561644,39.31588207671933,29.909822117379296,0.7538577323891296,-0.18196893077288934
Médias,SOUTH,validation,Hybrid,3.059072456668232,3.759089779997451,40.399801547287765,30.88323657896577,0.764768114167058,-0.1317998860757046
Médias,SOUTH,test,SARIMA,3.216055553613603,3.974465646388086,100.61485257996756,46.22081906599312,0.8040138884034007,-0.892475504991771
Médias,SOUTH,test,Hybrid,3.431708393559498,4.186668058980423,101.36177441785495,43.93320650836699,0.8579270983898745,-1.0999542356192133
Médias,WEST,validation,SARIMA,4.076923076923077,5.121598308220709,32.63759744528975,36.737579735291405,0.8617886178861788,-0.6370014771048746
Médias,WEST,validation,Hybrid,4.122833154522455,5.017060449652123,34.02476316704371,36.64579538334746,0.8714931871348279,-0.5708572189340262
Médias,WEST,test,SARIMA,3.6428571428558354,4.803272693841399,74.32127396406571,42.26683031578369,0.7700348432052986,-2.82895850973317
Médias,WEST,test,Hybrid,3.743772100256779,4.80907131085865,76.09863325038084,42.4149531977166,0.7913664602168802,-2.838208896776506
Non classé,EAST,validation,SARIMA,1.6666666666666667,1.9148542155126762,118.5185185185185,98.51851851851853,1.1458333333333333,-7.25
Non classé,EAST,validation,Hybrid,1.7298331161340077,1.9150988614176332,127.51372423436906,89.89902735429997,1.1892602673421302,-7.25210821025701
Non classé,EAST,test,SARIMA,1.1818181818181819,1.5075567228888183,65.9090909090909,80.60606060606061,0.8125,-0.38888888888888884
Non classé,EAST,test,Hybrid,1.1173390258442273,1.3212681652461264,73.09591756625609,58.136047706178914,0.7681705802679062,-0.06684695607897329
Non classé,NORTH,validation,SARIMA,1.6666666666666667,2.0275875100994063,87.03703703703704,96.2962962962963,1.0256410256410258,-6.5681818181818175
Non classé,NORTH,validation,Hybrid,1.6494762930605147,1.920228095865046,90.77006045866896,85.00608205261832,1.015062334191086,-5.787939798911578
Non classé,NORTH,test,SARIMA,1.6666666666666667,1.9578900207451218,86.25,100.47619047619048,1.0256410256410258,-0.9436619718309862
Non classé,NORTH,test,Hybrid,1.648561641573906,1.8778256203448185,99.92557874984213,81.34131800553821,1.0144994717377882,-0.7879471292287676
Non classé,SOUTH,validation,SARIMA,1.0323936275095522,1.4064979974300673,54.98667372813988,93.48669027602959,3.0971808825286566,-2.0909947137106086
Non classé,SOUTH,validation,Hybrid,0.9600724867434085,1.2028555345946912,56.192026074242285,70.85719913690683,2.8802174602302255,-1.2607209954766883
Non classé,SOUTH,test,SARIMA,0.6666666666706215,0.9999999999999798,58.33333333372986,61.111111111506766,2.0000000000118647,-6.199999999999711
Non classé,SOUTH,test,Hybrid,0.7731530567049795,1.085128769926217,72.91844735582589,46.02622656286204,2.3194591701149387,-7.478032020715412
Non classé,WEST,validation,SARIMA,0.8888888888888888,1.4907119849998598,53.703703703703695,47.40740740740741,0.691358024691358,0.12621359223300954
Non classé,WEST,validation,Hybrid,0.9807397309276793,1.4166231591904304,66.9066290612574,48.29426550969875,0.762797568499306,0.21091012044888957
Non classé,WEST,test,SARIMA,0.5714285714285714,0.7559289460184544,40.476190476190474,72.38095238095238,0.44444444444444436,-0.07692307692307687
Non classé,WEST,test,Hybrid,0.4393439633505685,0.4523131687244061,31.837675117311026,32.72551582686385,0.3417119714948866,0.6144318104817639
Offices religieux et cérémonies,EAST,validation,SARIMA,4.000000000000001,4.6904157598234315,48.14491064491066,37.506958698909166,1.0000000000000002,-4.419825072886302
Offices religieux et cérémonies,EAST,validation,Hybrid,3.5762371375010575,4.2403349132863895,44.45865216622277,34.16149575194541,0.8940592843752644,-3.4295836587247805
Offices religieux et cérémonies,EAST,test,SARIMA,2.357142857142857,2.7902892835178013,32.202380952380956,32.8400337534426,0.5892857142857143,-0.6586956521739129
Offices religieux et cérémonies,EAST,test,Hybrid,2.3080746536808356,2.7606410633501075,32.15424601816469,29.555324056026752,0.5770186634202089,-0.6236339780525468
Offices religieux et cérémonies,NORTH,validation,SARIMA,4.854787763137683,5.942109169855817,48.08609963278131,45.90438806478718,1.3337329019609019,-1.2534606398473929
Offices religieux et cérémonies,NORTH,validation,Hybrid,4.839494514134615,5.725408157994408,48.89018572407334,44.96717168089351,1.329531459927092,-1.092096094894746
Offices religieux et cérémonies,NORTH,test,SARIMA,2.941519103874035,3.4821783792303607,51.26429431641506,41.16484450953273,0.8081096439214382,-0.06431302637561975
Offices religieux et cérémonies,NORTH,test,Hybrid,3.2049820135044023,3.7427399561847263,62.41784729017582,43.22222216149396,0.880489564149561,-0.229551306048295
Offices religieux et cérémonies,SOUTH,validation,SARIMA,2.8461538461538463,3.4972516682059402,50.992298299990615,47.5359256128487,0.8784425451092117,-0.8688969258589518
Offices religieux et cérémonies,SOUTH,validation,Hybrid,2.658715066428368,3.2797259095518396,49.54003680916579,42.96994280809797,0.8205910698852987,-0.6436399141607356
Offices religieux et cérémonies,SOUTH,test,SARIMA,2.923076923076923,3.281650616569468,55.17094017094018,57.07711092326477,0.9021842355175688,-1.8526645768025078
Offices religieux et cérémonies,SOUTH,test,Hybrid,2.6547433332755017,3.0616834110265407,52.988454154095585,48.65406166788167,0.8193652263195993,-1.4830564220705549
Offices religieux et cérémonies,WEST,validation,SARIMA,3.0,3.3166247903554003,46.08058608058607,43.603530707603106,1.0714285714285714,-0.9776595744680856
Offices religieux et cérémonies,WEST,validation,Hybrid,2.964613846861399,3.243994823951469,47.65937383678971,42.85282286426526,1.058790659593357,-0.8919913921406843
Offices religieux et cérémonies,WEST,test,SARIMA,3.5,4.6827952580239325,60.153061224489804,60.431949003377575,1.25,-2.0439093484419257
Offices religieux et cérémonies,WEST,test,Hybrid,3.749194586383445,5.07818761904298,71.05171438598005,56.65978872870409,1.3389980665655161,-2.57963593545572
Quincaillerie,EAST,validation,SARIMA,8.348580039176909,10.683616473590387,28.256372412070004,23.234503545231536,1.0336337191361888,-0.7167677733496312
Quincaillerie,EAST,validation,Hybrid,7.230197290684594,9.458020793013379,24.143269816344613,20.54481403207405,0.8951672836085688,-0.34547459836787175
Quincaillerie,EAST,test,SARIMA,6.9265780067848945,8.63480801091736,34.19449050614824,26.540080927746242,0.8575763246495584,-0.5465914106824972
Quincaillerie,EAST,test,Hybrid,7.79162112560948,9.978482177137346,37.86262198810568,28.23410869148669,0.9646769012659356,-1.0653763240185996
Quincaillerie,NORTH,validation,SARIMA,9.692661315406742,11.43944397636541,25.444745859397948,28.706489043916537,1.1250410455382827,-1.7846245863183179
Quincaillerie,NORTH,validation,Hybrid,8.187891099567148,9.713988434541367,21.34011722359241,23.24836906289783,0.950380216914044,-1.007945800904329
Quincaillerie,NORTH,test,SARIMA,8.749899449177244,10.86916953224895,54.43874725192324,36.38076041885957,1.0156133289223588,-0.20124579159943412
Quincaillerie,NORTH,test,Hybrid,7.307618948229099,9.769473386214289,53.55319583056682,32.301224226889,0.848205770776592,0.02953145840350413
Quincaillerie,SOUTH,validation,SARIMA,3.230769230769231,4.385290096535146,18.42048414922909,16.701048031677814,0.7000000000000001,-1.096774193548387
Quincaillerie,SOUTH,validation,Hybrid,2.741785208766277,3.3494221968101057,15.54472755731186,14.55597699045195,0.59405346189936,-0.2231924579805391
Quincaillerie,SOUTH,test,SARIMA,5.642857142857717,6.850443155634577,45.164161235598,37.39106476254107,1.222619047619172,-0.7835951134383945
Quincaillerie,SOUTH,test,Hybrid,5.892020566123447,7.359432499339288,47.87434906424557,36.24265591796258,1.2766044559934138,-1.0584844591074152
Quincaillerie,WEST,validation,SARIMA,7.076923076923077,8.602325267042627,36.71995941190671,29.466392921110035,0.9583333333333333,-1.180264993026499
Quincaillerie,WEST,validation,Hybrid,4.399558044396914,5.621950095873411,23.429537030643804,20.222030532808045,0.5957734851787487,0.0687816306131469
Quincaillerie,WEST,test,SARIMA,5.714285714285246,6.4697096424129175,46.84246883691173,33.40043119741528,0.7738095238094604,-1.207750269105924
Quincaillerie,WEST,test,Hybrid,5.812664087861308,7.244939094314321,47.62044005161907,31.964762379153694,0.7871315952312188,-1.7685338875520737
Santé et beauté,EAST,validation,SARIMA,8.007982251833587,9.843150384414685,21.429505879135107,18.79767525224016,0.8007982251833587,-2.806138076207415
Santé et beauté,EAST,validation,Hybrid,5.837590858438016,6.906308424962964,15.12672554687744,14.446657905118915,0.5837590858438017,-0.8737352938774376
Santé et beauté,EAST,test,SARIMA,9.012208476199415,10.552947283622816,34.70171824644499,28.580871004878613,0.9012208476199415,-0.7223609633631136
Santé et beauté,EAST,test,Hybrid,7.740595614872652,9.195236686834264,34.26301903587166,25.47292421776938,0.7740595614872652,-0.3076829507198724
Santé et beauté,NORTH,validation,SARIMA,7.5384615384615365,8.735427425586701,16.610591556297376,16.77492758429737,0.7050359712230214,-0.4399285395265742
Santé et beauté,NORTH,validation,Hybrid,7.188131680855384,8.438260982245197,15.629663777430164,15.995410485694473,0.6722713082814388,-0.3436263935191388
Santé et beauté,NORTH,test,SARIMA,7.571428571428571,8.96022958889527,28.85990463511789,23.653885984907777,0.7081192189105858,0.04491381403253214
Santé et beauté,NORTH,test,Hybrid,7.527216127940586,10.159208602671422,30.661954537930047,22.35014404439013,0.7039842421814937,-0.22778986457806694
Santé et beauté,SOUTH,validation,SARIMA,3.4185451834184395,4.016535602081337,13.580773475476843,13.387915722248927,0.5486553998078977,0.2065185264752667
Santé et beauté,SOUTH,validation,Hybrid,3.923296939059495,4.805421371786678,14.397043507903776,15.013868602350056,0.6296649408367091,-0.13578597226766087
Santé et beauté,SOUTH,test,SARIMA,4.65742408498933,5.585136267647725,27.09030696566944,24.29437657066051,0.7474878161093986,0.08198582025134893
Santé et beauté,SOUTH,test,Hybrid,5.324568912001835,6.878179535549353,33.64916573627442,25.574094793180482,0.8545604426669612,-0.392287286750298
Santé et beauté,WEST,validation,SARIMA,6.538461538461538,8.579940828198328,20.086624734149762,19.833006374960267,0.748898678414097,-1.9906249999999996
Santé et beauté,WEST,validation,Hybrid,5.849001091260177,7.661942766893814,17.476322717389518,18.642969955888184,0.6699296404086547,-1.3849055328782298
Santé et beauté,WEST,test,SARIMA,7.071428571429073,8.310922245541322,34.13232328706917,30.13727097354918,0.8099433606042111,-1.0364019253912442
Santé et beauté,WEST,test,Hybrid,7.043259633439429,8.172051384312825,36.03255005708949,29.101249242497847,0.8067169624203752,-0.9689162259714859
Véhicules et accessoires,EAST,validation,SARIMA,4.615384615384615,5.363695626080098,12.062352947809382,12.272168429670312,0.7100591715976331,-0.8182498130142111
Véhicules et accessoires,EAST,validation,Hybrid,4.869758110779981,5.722760034065908,12.093422951130716,12.819401508159253,0.7491935555046124,-1.069838080354467
Véhicules et accessoires,EAST,test,SARIMA,6.214285714285949,7.554563426925186,37.45334979031022,25.888186243964903,0.9560439560439922,-0.24941360437857463
Véhicules et accessoires,EAST,test,Hybrid,6.77497792243981,9.087008645083465,41.52015668401262,26.33108467059289,1.0423042957599706,-0.807712534200943
Véhicules et accessoires,NORTH,validation,SARIMA,4.278961793093621,5.556648868335836,12.890051229546387,12.045853045875862,0.44323907020093284,-0.2659152312397548
Véhicules et accessoires,NORTH,validation,Hybrid,4.109010020633047,4.929649403768224,12.366580212760047,11.950572763273131,0.42563450412931964,0.003652618086308679
Véhicules et accessoires,NORTH,test,SARIMA,6.900051647161135,9.530261255284344,37.92990624160787,27.324551089283528,0.7147463857617112,-0.7823260312794242
Véhicules et accessoires,NORTH,test,Hybrid,6.832805546636692,10.55707593231909,34.90800307367839,24.472785380839905,0.7077806542332828,-1.1870808008797749
Véhicules et accessoires,SOUTH,validation,SARIMA,3.923076923076923,5.076340292891206,18.832958142912894,19.630667072346423,0.6071428571428571,-0.8642979452054793
Véhicules et accessoires,SOUTH,validation,Hybrid,3.043000421844996,4.247921842740228,14.618667397238742,14.650993574460898,0.4709405414760113,-0.30547001582319777
Véhicules et accessoires,SOUTH,test,SARIMA,4.428571428571418,5.542047068934502,40.36472922502309,30.683393146552444,0.6853741496598623,-0.21346502721224736
Véhicules et accessoires,SOUTH,test,Hybrid,4.86178314260073,6.522475786687078,45.897000456223374,31.219132279084672,0.7524188196882082,-0.6807835750921523
Véhicules et accessoires,WEST,validation,SARIMA,5.615384615384615,6.4509987300715395,21.805031003884125,22.345410211665545,0.7156862745098039,-1.1069502696225286
Véhicules et accessoires,WEST,validation,Hybrid,4.166431747950041,5.360214770138435,15.686831563700515,16.17440005194694,0.5310158110132405,-0.45467091149183037
Véhicules et accessoires,WEST,test,SARIMA,5.571428571428571,6.7082039324993685,38.860716897481595,30.79242222111032,0.7100840336134454,-0.6714042069357586
Véhicules et accessoires,WEST,test,Hybrid,4.776759628738675,6.582251533895427,32.98552950588711,24.68741215817912,0.6088026977804194,-0.6092292799074974
Vêtements et accessoires,EAST,validation,SARIMA,8.354626187266364,10.730668620046451,11.635843304795381,12.002510100151207,0.5951240571751383,-1.4502499479500357
Vêtements et accessoires,EAST,validation,Hybrid,7.50808156618391,9.072190517190364,10.351730395274487,10.387514032303653,0.5348222485500868,-0.7513830636934768
Vêtements et accessoires,EAST,test,SARIMA,9.261886529438863,13.02589010800163,33.53353977978838,20.845315564264716,0.6597508212750971,0.005143371762474702
Vêtements et accessoires,EAST,test,Hybrid,12.018321646990122,15.524821657643345,37.09499029369962,24.216089650061235,0.8560996241691594,-0.4131846700466628
Vêtements et accessoires,NORTH,validation,SARIMA,8.533181924527447,10.537960724986934,11.181787596897244,11.577772186194172,0.541128609848082,-0.6708703832613114
Vêtements et accessoires,NORTH,validation,Hybrid,14.76986753296946,17.48790943675497,20.553667815218578,18.9496568064614,0.9366257459931853,-3.6015633033401224
Vêtements et accessoires,NORTH,test,SARIMA,8.399316322385426,10.258615215060638,19.951954503164796,17.06775904423887,0.532639571663466,0.10349093873383053
Vêtements et accessoires,NORTH,test,Hybrid,11.321677802723658,13.640514138635154,25.777400367241555,21.148790619868077,0.7179600557824758,-0.5850343658464832
Vêtements et accessoires,SOUTH,validation,SARIMA,6.384615384615382,8.606795168756085,15.173301361425118,15.837236044494631,0.6287878787878786,-0.6399004453759496
Vêtements et accessoires,SOUTH,validation,Hybrid,5.861793576524808,7.935569610920055,13.329223056682268,14.291031242677274,0.5772978522335038,-0.394089834085549
Vêtements et accessoires,SOUTH,test,SARIMA,8.214285714285701,10.145371921648355,49.50235353071466,28.896338510338328,0.8089826839826827,0.026586248492165065
Vêtements et accessoires,SOUTH,test,Hybrid,9.762174615902548,14.593167501787743,54.524077301186736,30.43955292317417,0.9614262879297965,-1.0140055679665063
Vêtements et accessoires,WEST,validation,SARIMA,5.933945442829947,7.067273136363422,12.691487336726246,12.578554864253608,0.4761808071406748,-2.7817800536245203
Vêtements et accessoires,WEST,validation,Hybrid,4.496295732009677,6.013239637883964,9.323730976622818,9.057254401728526,0.36081385503781355,-1.7378492873219482
Vêtements et accessoires,WEST,test,SARIMA,10.267488213209612,12.713428919627901,42.86810049537967,32.255169557668516,0.8239342393316356,-0.37331931157050824
Vêtements et accessoires,WEST,test,Hybrid,10.677477723473329,16.86774387932382,46.32495268821221,28.603383269407676,0.8568346321305758,-1.4174646081749347
Équipements sportifs,EAST,validation,SARIMA,5.248692104611875,6.368892252486099,15.342613086128154,14.535355516731737,0.5073085305572815,-1.117081921098947
Équipements sportifs,EAST,validation,Hybrid,4.5068747677958205,5.2090380499585445,13.208467767900672,12.965501685256147,0.4356087136159529,-0.41620107523155947
Équipements sportifs,EAST,test,SARIMA,8.426054705659407,10.078019835271391,33.87296240559669,32.666423653089744,0.8144142094689389,-1.3464204178246373
Équipements sportifs,EAST,test,Hybrid,8.1157399604163,10.082985111646796,34.206485291562146,28.65714692481935,0.7844209627168172,-1.3487330737024315
Équipements sportifs,NORTH,validation,SARIMA,5.461538461538459,6.977987366877907,15.485210177246234,15.218479055843371,0.5239852398523983,-0.6385902031063315
Équipements sportifs,NORTH,validation,Hybrid,5.275393192584697,7.163281805040366,14.48183945482156,14.619480397690625,0.5061262841594174,-0.7267683096203466
Équipements sportifs,NORTH,test,SARIMA,7.928571428571415,9.639946650711865,37.07629054825035,29.452582297205943,0.7606747496046375,-0.5610215975317019
Équipements sportifs,NORTH,test,Hybrid,7.57806057802267,9.927541836253726,35.644901954335396,26.000353153789256,0.7270464023195182,-0.6555530540342245
Équipements sportifs,SOUTH,validation,SARIMA,3.4825432048182154,4.125521467949852,18.047161895741816,16.815621773088484,0.5326242548545506,-2.3137877046601996
Équipements sportifs,SOUTH,validation,Hybrid,2.14896075085779,2.7345783223013487,11.095450569787305,11.006052847212715,0.3286645854253091,-0.4559541976212875
Équipements sportifs,SOUTH,test,SARIMA,5.361955334751204,5.963059111770602,42.65840986838692,36.84593600355966,0.8200637570795959,-0.12318815442581754
Équipements sportifs,SOUTH,test,Hybrid,5.479703842182779,7.405658213906227,48.08175952470669,33.795071394065,0.8380723523338368,-0.7323738310901797
Équipements sportifs,WEST,validation,SARIMA,2.6923076923076925,3.2933499428627147,10.574766247007052,10.580325855096548,0.38251366120218583,-0.9294736842105262
Équipements sportifs,WEST,validation,Hybrid,2.6814933327528148,3.250185962711291,10.1725521421301,10.852632128649864,0.3809771948173398,-0.8792281956660344
Équipements sportifs,WEST,test,SARIMA,4.500000000000554,5.934162595875787,31.21470661843759,27.644134080264674,0.6393442622951607,-0.6305220883536702
Équipements sportifs,WEST,test,Hybrid,5.352243623563775,6.716195823161318,36.421651246465444,28.85764454464236,0.7604280558068752,-1.088596296165771
