destination wilaya,Avg Time (days),Median Time (days),Orders
Illizi,5.22,5.18,1934
Tamanrasset,4.0,3.99,3140
Tindouf,3.47,3.39,2120
Adrar,3.17,3.1,3137
Béchar,2.96,2.92,3005
Ouargla,2.8,2.71,5072
El Oued,2.63,2.57,3165
Ghardaïa,2.56,2.5,3058
El Bayadh,2.42,2.34,2434
Djelfa,2.32,2.23,2944
Naâma,2.31,2.24,2275
Laghouat,2.3,2.22,3300
Tizi Ouzou,2.14,2.06,4933
Boumerdès,2.12,2.05,3568
Souk Ahras,2.11,2.03,2967
Bouira,2.09,2.03,3407
Biskra,2.06,1.98,4200
Relizane,2.05,1.99,3069
Béjaïa,2.04,1.96,6084
Oum El Bouaghi,2.01,1.94,3589
Aïn Defla,2.0,1.95,3138
Tébessa,2.0,1.91,4010
Annaba,2.0,1.93,6394
Chlef,1.99,1.9,4021
Mascara,1.99,1.92,3156
Médéa,1.99,1.93,2808
El Tarf,1.99,1.94,2700
Khenchela,1.98,1.9,2861
Jijel,1.97,1.9,3367
M'Sila,1.97,1.88,3270
Tissemsilt,1.97,1.89,2144
Aïn Témouchent,1.96,1.9,2691
Oran,1.96,1.86,9442
Tiaret,1.96,1.84,3701
Tlemcen,1.95,1.87,5756
Guelma,1.95,1.88,2887
Batna,1.95,1.85,5876
Mostaganem,1.93,1.88,3749
Sétif,1.93,1.85,6585
Blida,1.93,1.86,5272
Sidi Bel Abbès,1.93,1.86,3760
Skikda,1.93,1.84,4937
Saïda,1.93,1.86,2721
Constantine,1.92,1.83,8623
Alger,1.91,1.82,22212
Mila,1.9,1.81,3011
Bordj Bou Arreridj,1.86,1.78,3072
Tipaza,1.81,1.72,3513
