destination wilaya,Avg Distance (km),Median Distance (km),Orders
Tamanrasset,1522.78,1565.47,3392
Tindouf,1419.41,1448.29,1347
Illizi,1191.87,1246.47,732
Adrar,1006.32,1036.19,3786
Béchar,719.61,748.78,3405
Ouargla,553.14,573.73,7131
Ghardaïa,469.16,478.9,3836
El Oued,450.48,470.59,3989
Tébessa,433.47,479.24,6035
El Tarf,432.91,467.63,2912
Souk Ahras,417.1,448.81,3679
Annaba,412.07,418.71,9113
El Bayadh,393.51,390.89,2192
Aïn Témouchent,393.34,410.13,2933
Naâma,389.82,397.36,1761
Tlemcen,382.11,397.26,8582
Oran,378.01,350.59,14227
Sidi Bel Abbès,365.81,375.63,5105
Guelma,363.68,391.72,3677
Khenchela,359.9,395.35,3735
Saïda,357.4,358.55,3055
Oum El Bouaghi,353.05,375.83,4758
Laghouat,343.69,328.83,4185
Skikda,331.25,342.66,7062
Mascara,330.19,326.17,3855
Constantine,322.45,320.57,12959
Biskra,310.42,323.39,5947
Mostaganem,299.94,277.44,5219
Batna,282.32,280.26,8723
Mila,279.28,288.33,4042
Relizane,277.24,249.78,3765
Djelfa,271.6,232.72,3483
Jijel,263.08,242.11,4518
Tiaret,262.98,219.79,5294
Sétif,250.81,219.2,9864
Chlef,237.74,168.92,5453
Tissemsilt,233.49,164.67,1938
Béjaïa,228.74,180.36,8410
Bordj Bou Arreridj,228.28,188.4,3832
Alger,224.72,232.72,31495
M'Sila,222.86,176.85,4276
Bouira,209.42,158.5,4297
Aïn Defla,197.4,111.62,3769
Tizi Ouzou,179.35,89.91,7102
Médéa,169.81,75.75,3320
Blida,169.26,113.94,8091
Boumerdès,169.15,75.75,5201
Tipaza,168.09,57.24,4850
