destination wilaya,Total Orders,Returned Orders,Return Rate %
Béchar,3405,553,16.24
Djelfa,3483,542,15.56
Tindouf,1347,205,15.22
Mostaganem,5219,779,14.93
Mascara,3855,567,14.71
Tizi Ouzou,7102,1042,14.67
Boumerdès,5201,760,14.61
Relizane,3765,549,14.58
Blida,8091,1165,14.4
El Oued,3989,560,14.04
Bouira,4297,602,14.01
Adrar,3786,526,13.89
Chlef,5453,753,13.81
Ouargla,7131,982,13.77
Oum El Bouaghi,4758,654,13.75
Aïn Defla,3769,506,13.43
Alger,31495,4171,13.24
Béjaïa,8410,1111,13.21
Bordj Bou Arreridj,3832,493,12.87
Tipaza,4850,623,12.85
M'Sila,4276,546,12.77
Batna,8723,1112,12.75
Tiaret,5294,673,12.71
Biskra,5947,742,12.48
Sidi Bel Abbès,5105,635,12.44
Naâma,1761,215,12.21
Aïn Témouchent,2933,355,12.1
Khenchela,3735,450,12.05
Illizi,732,86,11.75
Sétif,9864,1159,11.75
El Bayadh,2192,257,11.72
Souk Ahras,3679,431,11.72
Oran,14227,1664,11.7
Médéa,3320,388,11.69
Constantine,12959,1486,11.47
Ghardaïa,3836,431,11.24
Laghouat,4185,469,11.21
Tlemcen,8582,953,11.1
El Tarf,2912,323,11.09
Tissemsilt,1938,214,11.04
Mila,4042,446,11.03
Tébessa,6035,663,10.99
Saïda,3055,322,10.54
Annaba,9113,926,10.16
Jijel,4518,443,9.81
Guelma,3677,354,9.63
Skikda,7062,653,9.25
Tamanrasset,3392,104,3.07
