,Adrar,Alger,Annaba,Aïn Defla,Aïn Témouchent,Batna,Biskra,Blida,Bordj Bou Arreridj,Bouira,Boumerdès,Béchar,Béjaïa,Chlef,Constantine,Djelfa,El Bayadh,El Oued,El Tarf,Ghardaïa,Guelma,Illizi,Jijel,Khenchela,Laghouat,M'Sila,Mascara,Mila,Mostaganem,Médéa,Naâma,Oran,Ouargla,Oum El Bouaghi,Relizane,Saïda,Sidi Bel Abbès,Skikda,Souk Ahras,Sétif,Tamanrasset,Tiaret,Tindouf,Tipaza,Tissemsilt,Tizi Ouzou,Tlemcen,Tébessa
Adrar,50.0,1036.1912408993715,1255.4931716818726,957.1005789618596,829.5079584788001,1030.5273816832155,960.5243840669466,999.7648274836661,998.9839272731767,1057.3090476963023,1048.836611255623,457.9681061314933,1108.9028520466686,934.4445969976857,1146.0781046564582,826.803528734278,655.8210106546446,867.7714970250115,1273.939026933881,646.6728370180641,1199.7602447723384,880.5273716087688,1145.6090897936283,1095.5007761293107,725.2589941330135,983.1036178307386,835.0735107035634,1135.34421965991,897.023593477721,989.0985054152429,742.6926059510803,874.4021557272587,705.7718137661515,1130.4243533551144,879.4925643679243,775.3541039880898,814.13438666229,1206.9848965730428,1108.1257237193915,1069.2645450166683,813.129498847554,846.9176234483301,758.4111224458825,1003.270406967565,885.1101660105821,1064.8830377046306,828.0975543294705,1154.98143129966
Alger,1036.1912408993715,50.0,418.70814800466957,111.624218187299,410.13377351335805,280.25595818976484,323.3851664911007,37.68575212265592,188.39997312173236,158.49539933555894,36.41288836777206,748.7786141092456,180.35813990464,168.91816871697614,320.5726133507539,232.7159272762281,390.892857852619,470.5947418973116,467.6300754364138,478.9003963242006,391.72454495414496,1246.4710669300543,242.10747235380032,395.34909977027854,328.83350281519967,176.84602421122278,326.1669334441679,288.33125830504,277.4372777390743,48.889154485575226,397.364682840538,350.58960882877864,573.7250609156231,375.8282855993985,249.78010818354326,358.54574204458305,375.63461692325563,342.6623236881899,448.8101537543802,219.2019850568734,1570.5026518670325,219.79167999903495,1448.2916918573164,57.23789552575269,164.66819843339158,89.91074366777573,397.2611145324076,479.2409837591814
Annaba,1255.4931716818726,418.70814800466957,50.0,521.9618227142029,818.242721541757,230.0447487351329,294.9775545033052,442.3308593038995,296.2469888259571,273.5847124216121,382.3450440166083,1088.2044339078213,238.7621442852765,581.3140186597723,118.01551420665058,476.54197737604727,710.8914887674557,419.25423605487424,51.78588090279814,609.3128576227344,56.30354758688437,1154.74107599384,176.71797562312176,172.3583341105152,560.6076700161898,317.4590394740409,729.7957578510484,142.26393885239025,690.6612518697068,450.1212549827107,781.7178283328666,763.4666516728055,594.3507068559635,128.17994453679177,656.8129452261921,747.8693713327307,778.6395645080116,76.05745326316371,190.27631178525465,224.26926526149012,1583.3413230396152,603.0985964634235,1798.5060022021662,474.41482009863273,545.796580788188,329.4158200695938,804.5368801144499,169.45769622256802
Aïn Defla,957.1005789618596,111.624218187299,521.9618227142029,50.0,299.56542016535127,354.6988278287806,376.97249067075904,80.36249810705372,257.8844083364959,251.10612366597474,144.80321366478853,644.4451732905438,283.7995098603009,59.362579307583694,416.65787534772204,212.50226759046538,302.22332108778215,500.3401857239198,569.1471839477426,452.35646625807016,489.9099020229439,1245.7345321356006,345.77507934803816,475.701507140448,286.69499925601656,239.94038279238947,214.6265258789789,385.56351644434164,168.83797420153985,71.87283430946259,287.3574102674499,241.90244935260682,571.3803715597574,464.18372384797345,138.41420790282388,247.99975350270188,264.1301053367478,446.15456417450076,527.3758886361098,308.8453571350838,1537.0774791352699,115.97360798433738,1339.4725183426572,56.47153510408953,72.6656145024231,194.27758355696386,286.44939048909373,563.2009143343929
Aïn Témouchent,829.5079584788001,410.13377351335805,818.242721541757,299.56542016535127,50.0,629.3804716076046,627.1802517993438,379.8081574068242,536.3118637900911,544.8422376239258,444.2778579465271,420.28236315680294,581.9000618745285,241.21830412834453,708.3810215866536,405.4614820928099,266.84994525247083,702.917145260341,863.7471104569909,552.1430376845025,782.3273903298804,1337.1297894808372,643.4491935046296,750.4701785857891,403.8568820067631,515.6363977327607,89.66817377664552,678.7140500776385,134.413682697197,370.71621505091645,106.25889860569633,65.61522812543907,704.680865447201,747.8199369318476,161.77548070961535,102.98162554836102,46.28839947386041,743.0382470212758,798.1643101532238,598.5744399756001,1533.0744577351923,222.3647379648927,1069.0877787359018,353.07281488830284,275.4694994126406,493.46838694938145,14.23935203207265,839.3699380005988
Batna,1030.5273816832155,280.25595818976484,230.0447487351329,354.6988278287806,629.3804716076046,50.0,82.76914904872042,286.47190149168694,96.81510953025196,129.78849806559433,248.78080910083855,862.7547096206287,148.23223671111242,410.24088581899804,115.69826641054077,252.8601749938422,487.56721298733083,246.04409612099462,260.3218570027597,388.0322748695665,177.7170447955415,1035.304338014794,139.94405133284468,121.81997023390478,331.2232467848105,115.52667044165639,539.7522901779494,107.38830365543818,513.6830360564105,289.75884779619435,576.4636472099745,582.810573390772,404.2161159662653,122.60879582816196,473.91644909493914,546.678738831335,586.0401702025823,176.55913884633628,172.68794215061124,79.10010748231272,1419.8737875043848,407.2267212826372,1572.1045757364789,323.1016052460329,354.86937517937184,202.51514216985663,615.1982286039632,210.49637611731094
Biskra,960.5243840669466,323.3851664911007,294.9775545033052,376.97249067075904,627.1802517993438,82.76914904872042,50.0,320.47360970318516,137.31184425882273,193.24367524541128,297.20463770475885,820.8775449159317,223.54204256990565,427.05226997942606,190.01030493136554,227.51075392019956,453.44041910894566,166.09545036904518,315.9695539946968,314.4758190401961,239.28361182387215,957.7529913819915,222.44603261733081,145.38617046297117,285.1227623544439,146.54135558597898,538.8406384044465,187.90237957393884,522.6057588081562,320.9949491711472,562.0896915568561,587.3498528638037,321.4961915505996,171.37369331641213,480.2481616407453,536.6355709103781,582.0275078298399,252.2096531341282,180.15103507213706,155.7744265283491,1337.2694545913484,406.42804021026814,1526.3986583145497,356.4448612289389,360.8554771171902,259.30607069799527,612.9546337621516,227.10716616740285
Blida,999.7648274836661,37.68575212265592,442.3308593038995,80.36249810705372,379.8081574068242,286.47190149168694,320.47360970318516,50.0,190.88930294748835,173.8497742861297,65.42016557490231,711.5639528486616,203.7977362834608,139.53860726101132,339.1053530261475,204.1175544536407,353.30970295115355,459.6491853705598,490.0299878038747,451.3970454926728,411.77302260576226,1227.4779066912224,265.85492580163174,405.23628844700323,296.93301984622155,175.89119442310232,294.09552125717846,307.517970399764,249.0362491941324,11.213323066308757,362.1325091425369,322.1739352778519,553.0424614096697,389.914797246544,218.33903493475165,323.7694666992753,343.62964976995676,366.39977126978533,457.99504664359984,233.2376755822619,1542.954180752459,183.2231763087556,1412.0508847927335,36.66205280994061,127.34452816379579,113.93787921408688,366.6090109343358,491.2541549220322
Bordj Bou Arreridj,998.9839272731767,188.39997312173236,296.2469888259571,257.8844083364959,536.3118637900911,96.81510953025196,137.31184425882273,190.88930294748835,50.0,66.71695598673533,160.32907971789314,793.7236929232544,113.68367594080664,313.64008480421063,179.12907847907846,184.2363744527512,415.9399838705446,295.8558341239031,335.57632994195995,374.9925620790015,251.84670449159452,1085.650829538487,147.73395448438126,218.12528903389997,278.2108216167164,21.390305666770043,446.66173247773014,154.69366756840435,417.9767963532322,193.5698602943114,489.2149864206487,487.88078643445306,428.042555262872,211.50817409239505,378.95601199693823,457.4194098088192,493.84473453867116,227.88398807463702,269.49418629901413,74.70561762539015,1444.6202978528504,315.18995375899175,1504.1928486121385,227.54440404069717,260.9209826960858,122.88021272608383,522.2047011161377,306.273547422381
Bouira,1057.3090476963023,158.49539933555894,273.5847124216121,251.10612366597474,544.8422376239258,129.78849806559433,193.24367524541128,173.8497742861297,66.71695598673533,50.0,123.90414502004033,832.2886715741117,51.77038309682783,310.08590210418373,165.57113256628992,233.60748797610253,455.77632259471676,357.07187187555405,319.0578796405976,440.0264726052013,238.860976927672,1148.5695925315013,103.11102884040899,238.00849650980734,332.8843563926687,76.2178603484966,456.2367139121005,134.55354324115572,418.7600827504863,180.1390581830266,510.032129581546,491.10257495317325,494.3169367132866,217.40945321831302,383.6898597889394,475.2333020153269,505.0548555577603,199.0897911411888,291.7291315016128,60.73726766154137,1511.2427641472602,330.1437672447226,1541.7228649204071,208.8243695833121,272.47587109164,73.65654277657116,531.0835414775721,320.82524764083695
Boumerdès,1048.836611255623,36.41288836777206,382.3450440166083,144.80321366478853,444.2778579465271,248.78080910083855,297.20463770475885,65.42016557490231,160.32907971789314,123.90414502004033,50.0,773.9846725211901,143.94527779299756,203.24637022097323,284.50231749516774,233.3139805215503,410.28745637802166,449.65458034901957,431.2198264060573,475.4578960418625,355.4162162574647,1231.5074348471055,205.71354411798373,361.6856274977431,333.10490689027455,151.5309059063132,359.2160451331638,252.18934808526484,312.3469851297024,75.74950199507815,427.2816261004308,385.55340984435094,561.6082363643219,340.72583655236247,283.19231765069264,389.08357753417164,408.74861321469825,306.29339742852363,415.32050290908256,184.60231187985687,1565.467734287925,247.56207300003098,1476.2431607583367,92.6713314220844,190.53172918712323,53.58721182419556,431.2244572909682,444.6488803436942
Béchar,457.9681061314933,748.7786141092456,1088.2044339078213,644.4451732905438,420.28236315680294,862.7547096206287,820.8775449159317,711.5639528486616,793.7236929232544,832.2886715741117,773.9846725211901,50.0,881.1750840511406,601.0937036070202,970.1893233423485,611.6869555196665,377.7971013399819,809.7792051471831,1122.7944667150905,576.4704218991615,1039.3716527370145,1184.8815961532537,934.538117675192,965.7618275701477,535.792923696107,773.0810203156808,459.5097042137982,948.1722400768484,525.7372044781424,700.4251782226802,366.50631462140075,479.03239948780384,715.2366749931228,983.337854427689,525.9053211292362,406.51284713506465,422.1580988605268,1021.6076545922497,999.037403688571,868.0378079800391,1246.2469533598598,529.7080298517218,710.4768940335757,699.8824567940693,584.2209979139775,809.1778981023047,423.9304243655555,1047.0431877369456
Béjaïa,1108.9028520466686,180.35813990464,238.7621442852765,283.7995098603009,581.9000618745285,148.23223671111242,223.54204256990565,203.7977362834608,113.68367594080664,51.77038309682783,143.94527779299756,881.1750840511406,50.0,343.14766515443665,143.55758726367932,285.3024807891108,505.53736280948067,389.6121683066,287.295355744279,488.67433638279584,212.20938629281807,1181.2207198363926,62.08414698502665,236.58955227787698,384.6397342258311,126.54233481052425,494.4507495532348,111.00419473620552,452.6371221883403,211.93921657003153,553.1329444009101,525.6599606784655,535.4582972733532,206.36031816146897,420.13440658120186,517.2177306416775,543.7346942198317,162.7335329584438,289.792330832881,69.1620534683048,1553.4209408968381,372.144715485658,1589.922529294684,235.6722410914233,313.8932829759858,90.6987333749779,568.4079823961057,311.8888843754427
Chlef,934.4445969976857,168.91816871697614,581.3140186597723,59.362579307583694,241.21830412834453,410.24088581899804,427.05226997942606,139.53860726101132,313.64008480421063,310.08590210418373,203.24637022097323,601.0937036070202,343.14766515443665,50.0,475.55329344883035,241.88292383931534,279.48247290973165,540.7451184367402,628.4163978190996,468.07388820611396,548.9440850032913,1268.1126312074746,405.13368812662685,531.7653563931754,299.3631687860457,294.84187218100175,158.41438163107227,444.61522529579327,109.508394913772,131.23434850223492,237.95983907641775,182.6365569553143,597.190105839404,521.8684693768396,81.87622376887248,197.7688460482982,207.562504890915,505.5158776328654,582.8252225704748,367.27231323206485,1541.5692433123718,88.95594131564711,1289.5838225769899,111.9385109720664,79.6572170257253,253.47093702290613,228.35992860638504,619.7550998605798
Constantine,1146.0781046564582,320.5726133507539,118.01551420665058,416.65787534772204,708.3810215866536,115.69826641054077,190.01030493136554,339.1053530261475,179.12907847907846,165.57113256628992,284.50231749516774,970.1893233423485,143.55758726367932,475.55329344883035,50.0,358.52854050797697,592.917651362035,336.51271637907513,156.81605047765518,502.4504671033774,73.96813541877401,1107.693697283204,90.07971770376514,114.38855288825619,443.6198481751452,200.47168317423223,619.2175561089134,32.568550228173024,583.9389694765163,345.6609245820619,667.089190032912,655.9768339823871,505.8030014284621,70.57351217160299,547.9960857503979,634.2042382388589,667.4983524064571,62.2023301178997,161.09960756384504,109.92838464340743,1513.1964135672522,490.23441745673665,1680.4954838840204,373.43839872591536,433.839392033211,231.0148152610855,694.4776377001057,172.99817689855138
Djelfa,826.803528734278,232.7159272762281,476.54197737604727,212.50226759046538,405.4614820928099,252.8601749938422,227.51075392019956,204.1175544536407,184.2363744527512,233.60748797610253,233.3139805215503,611.6869555196665,285.3024807891108,241.88292383931534,358.52854050797697,50.0,234.97280453217928,304.5002877809796,511.67307857839927,247.3131098627288,427.9964255770365,1033.391257366364,330.35770510960583,364.50512252497936,102.09831384903323,164.7206519551147,319.6665967682323,337.29552906910243,315.9436866600998,196.59864957174807,334.8744174084655,372.77053180184856,358.8802149652697,375.1036241429995,271.90724477694516,310.9522696497674,359.5027203313416,411.18971790811815,406.0045090067638,258.9202261934278,1338.844616889895,192.49318551166436,1321.9685621476833,226.32563694187206,163.09772548056142,239.581633227162,391.376375917691,451.2660190138955
El Bayadh,655.8210106546446,390.892857852619,710.8914887674557,302.22332108778215,266.84994525247083,487.56721298733083,453.44041910894566,353.30970295115355,415.9399838705446,455.77632259471676,410.28745637802166,377.7971013399819,505.53736280948067,279.48247290973165,592.917651362035,234.97280453217928,50.0,479.1900491094416,746.6346173836118,291.8870796161321,662.9188811213065,1070.4593000670368,557.4078493765821,595.8045458884941,174.78180730852458,395.28434226221617,218.01651531911384,570.456978127523,264.1625767326019,342.187523392175,162.72531469160822,274.29796174229284,447.33674474699274,609.3996039526658,235.013111052659,168.24994650309057,226.6252410864251,643.8212401080841,633.5661048050772,490.2439650368518,1287.564023714214,191.24499331349102,1088.2546436686325,351.22716786888907,231.3945229772527,438.8935034843586,256.41590490189293,680.4169447228716
El Oued,867.7714970250115,470.5947418973116,419.25423605487424,500.3401857239198,702.917145260341,246.04409612099462,166.09545036904518,459.6491853705598,295.8558341239031,357.07187187555405,449.65458034901957,809.7792051471831,389.6121683066,540.7451184367402,336.51271637907513,304.5002877809796,479.1900491094416,50.0,423.65125245861134,240.40627720225254,364.0259747605646,791.9252548201364,385.4222667331518,247.05949770335957,307.057972112284,299.3941388259719,620.6534835981607,343.21622910863897,620.443003896183,457.4667808125214,619.4615751934512,675.6696648439056,175.90481276644815,292.2307052233013,576.401964081822,603.1719906887083,656.6311144553836,396.37006603672575,245.45774115164275,321.765215521794,1177.2789977368727,496.8134511322035,1494.9805589438263,493.0359646858099,464.7866682746099,418.4513715893952,689.1922425235956,289.9141901860851
El Tarf,1273.939026933881,467.6300754364138,51.78588090279814,569.1471839477426,863.7471104569909,260.3218570027597,315.9695539946968,490.0299878038747,335.57632994195995,319.0578796405976,431.2198264060573,1122.7944667150905,287.295355744279,628.4163978190996,156.81605047765518,511.67307857839927,746.6346173836118,423.65125245861134,50.0,627.3486039663157,83.92977974594777,1135.4541546483722,225.60551680848613,179.4830295990002,591.1530480263924,356.95940679980225,774.8776700383735,185.13017377796746,737.5057502489626,497.45898802844334,823.9016912674626,810.0491271743529,599.5516907932392,144.59905927931752,702.7422740103505,790.9013953556951,823.4201292403245,125.74513143640883,182.30791423536516,266.3744628217245,1574.2108021050412,646.6978468519462,1832.3879702711258,522.800168166636,589.9649026534336,377.958833375318,849.9321149133738,149.7904169757518
Ghardaïa,646.6728370180641,478.9003963242006,609.3128576227344,452.35646625807016,552.1430376845025,388.0322748695665,314.4758190401961,451.3970454926728,374.9925620790015,440.0264726052013,475.4578960418625,576.4704218991615,488.67433638279584,468.07388820611396,502.4504671033774,247.3131098627288,291.8870796161321,240.40627720225254,627.3486039663157,50.0,553.386527965563,802.3064076906983,513.8665525586365,449.429731034609,168.8237311080686,363.9859434591888,486.0388233454101,494.87485221668476,510.0974499786347,443.89588630524906,452.3963976996956,544.9643756430224,155.82155426343576,483.7611181550418,468.976594654863,449.46822169131366,508.2869576101758,564.2066836452675,465.8185998281338,437.309564834584,1091.706379217382,393.4336818998404,1254.7311944892942,472.9062229472545,389.91364575579627,470.57214425149925,540.2024278148315,513.7719601293699
Guelma,1199.7602447723384,391.72454495414496,56.30354758688437,489.9099020229439,782.3273903298804,177.7170447955415,239.28361182387215,411.77302260576226,251.84670449159452,238.860976927672,355.4162162574647,1039.3716527370145,212.20938629281807,548.9440850032913,73.96813541877401,427.9964255770365,662.9188811213065,364.0259747605646,83.92977974594777,553.386527965563,50.0,1108.996822357151,152.8703628241334,117.9764153591296,508.9392540919369,273.23654354422024,693.1816051428071,104.34826261291464,657.5477856554078,418.63714780175235,740.5991811331895,729.7130544415329,538.7307443968252,72.12275540062753,621.8487797488084,707.9532698600058,741.4652316415531,65.52003976846883,143.30984900539278,183.8895167022621,1531.6124882092636,564.1291812436424,1749.207646508292,445.5840518263351,507.8001149692295,301.832973613792,768.4308904595189,133.477225365329
Illizi,880.5273716087688,1246.4710669300543,1154.74107599384,1245.7345321356006,1337.1297894808372,1035.304338014794,957.7529913819915,1227.4779066912224,1085.650829538487,1148.5695925315013,1231.5074348471055,1184.8815961532537,1181.2207198363926,1268.1126312074746,1107.693697283204,1033.391257366364,1070.4593000670368,791.9252548201364,1135.4541546483722,802.3064076906983,1108.996822357151,50.0,1171.6617465475822,997.6492424957036,970.5078974363249,1086.4591270467104,1281.7771647517432,1122.4323622625393,1311.3046634475588,1222.4675539737361,1231.746090729795,1340.357883726522,675.1436930964833,1046.7164982092168,1270.8904495250429,1237.9894705794914,1296.8287710380341,1159.6916689114273,965.8766371147614,1112.8205262960419,512.1555719680199,1195.7247113885924,1635.2757655977452,1255.7036738298932,1188.8676712015128,1206.6727336525123,1326.8736368764273,987.0455281875352
Jijel,1145.6090897936283,242.10747235380032,176.71797562312176,345.77507934803816,643.4491935046296,139.94405133284468,222.44603261733081,265.85492580163174,147.73395448438126,103.11102884040899,205.71354411798373,934.538117675192,62.08414698502665,405.13368812662685,90.07971770376514,330.35770510960583,557.4078493765821,385.4222667331518,225.60551680848613,513.8665525586365,152.8703628241334,1171.6617465475822,50.0,196.97998363399915,425.92173840870475,165.8740664359762,555.689917924089,59.82011140749161,514.601391895015,273.9031327343572,612.3945709079419,587.5796422246179,543.2528712757627,158.90453015181808,481.72924332520455,577.068062101081,604.8690790956449,100.6699595583306,247.6489186398703,76.80775488860526,1559.7153264431083,431.891065494897,1644.321666100115,297.6973104614063,373.8446252287215,152.6979251267401,629.8954180741719,262.9445784462589
Khenchela,1095.5007761293107,395.34909977027854,172.3583341105152,475.701507140448,750.4701785857891,121.81997023390478,145.38617046297117,405.23628844700323,218.12528903389997,238.00849650980734,361.6856274977431,965.7618275701477,236.58955227787698,531.7653563931754,114.38855288825619,364.50512252497936,595.8045458884941,247.05949770335957,179.4830295990002,449.429731034609,117.9764153591296,997.6492424957036,196.97998363399915,50.0,429.99465323766884,237.30048271657105,660.9147839237437,138.02847475013527,635.5029633725949,409.3050968121458,694.5475605318969,704.5365891248491,422.5399952660205,49.18321080151989,595.6679842635942,665.9940790373548,706.7792850168214,162.04311422106352,53.78734022911616,177.84159554751787,1414.210858194558,528.1440368356239,1671.7700985189517,441.6390425232007,476.46073200826277,311.25614430841784,736.2655214026098,88.90155301820957
Laghouat,725.2589941330135,328.83350281519967,560.6076700161898,286.69499925601656,403.8568820067631,331.2232467848105,285.1227623544439,296.93301984622155,278.2108216167164,332.8843563926687,333.10490689027455,535.792923696107,384.6397342258311,299.3631687860457,443.6198481751452,102.09831384903323,174.78180730852458,307.057972112284,591.1530480263924,168.8237311080686,508.9392540919369,970.5078974363249,425.92173840870475,429.99465323766884,50.0,260.5062853381502,328.74545835149445,425.98255184683217,345.24625670815175,288.0323411215677,314.0014496335424,386.94282695001954,307.55453635488004,449.24278963937934,302.93886256467965,301.58699743390684,358.0846664829352,500.0179567634394,464.0159991919415,351.67891014049707,1250.9735925172586,225.64096121703813,1242.6414094862782,313.2919874322424,221.7227845113126,341.6487717092444,390.7685383951644,511.7222892805191
M'Sila,983.1036178307386,176.84602421122278,317.4590394740409,239.94038279238947,515.6363977327607,115.52667044165639,146.54135558597898,175.89119442310232,21.390305666770043,76.2178603484966,151.5309059063132,773.0810203156808,126.54233481052425,294.84187218100175,200.47168317423223,164.7206519551147,395.28434226221617,299.3941388259719,356.95940679980225,363.9859434591888,273.23654354422024,1086.4591270467104,165.8740664359762,237.30048271657105,260.5062853381502,50.0,425.9715852772322,175.70852188031384,398.2668741412607,177.68969082994815,467.8758821593364,467.7749913762294,424.3716159722608,232.27946895927545,358.8422872102047,436.1910577327087,472.98462378265856,248.6051337378707,287.98674539803557,94.97160843999946,1439.1312658230356,294.2429376295716,1483.5235979385793,212.38757905417174,240.38391663929374,120.21985204784272,501.5096687737463,325.7905823445054
Mascara,835.0735107035634,326.1669334441679,729.7957578510484,214.6265258789789,89.66817377664552,539.7522901779494,538.8406384044465,294.09552125717846,446.66173247773014,456.2367139121005,359.2160451331638,459.5097042137982,494.4507495532348,158.41438163107227,619.2175561089134,319.6665967682323,218.01651531911384,620.6534835981607,774.8776700383735,486.0388233454101,693.1816051428071,1281.7771647517432,555.689917924089,660.9147839237437,328.74545835149445,425.9715852772322,50.0,589.7716259256313,66.29711406891363,284.52247687440286,95.26355434844369,58.934244291881406,634.6706670437492,658.1694484637524,76.58289269730935,59.73458008255733,49.5354199582809,654.8481123604242,708.8132723604199,509.34501532558255,1504.0573508854368,132.99166696452147,1134.8301246147826,269.8038790055811,185.88263714293944,407.0029830188975,75.54296906590572,749.8163329443884
Mila,1135.34421965991,288.33125830504,142.26393885239025,385.56351644434164,678.7140500776385,107.38830365543818,187.90237957393884,307.517970399764,154.69366756840435,134.55354324115572,252.18934808526484,948.1722400768484,111.00419473620552,444.61522529579327,32.568550228173024,337.29552906910243,570.456978127523,343.21622910863897,185.13017377796746,494.87485221668476,104.34826261291464,1122.4323622625393,59.82011140749161,138.02847475013527,425.98255184683217,175.70852188031384,589.7716259256313,50.0,553.3025517617389,314.30485223060697,639.7030348402964,625.573569565439,508.2838672252368,99.13876145252543,517.913683011693,606.1999406912572,638.2903029627811,74.11139708126358,187.97446590869905,82.01115537979553,1520.4015078086952,461.73640786495815,1658.6464057362443,341.5658758616774,404.8611704339002,198.6559224760688,664.8739920278143,203.68176820118137
Mostaganem,897.023593477721,277.4372777390743,690.6612518697068,168.83797420153985,134.413682697197,513.6830360564105,522.6057588081562,249.0362491941324,417.9767963532322,418.7600827504863,312.3469851297024,525.7372044781424,452.6371221883403,109.508394913772,583.9389694765163,315.9436866600998,264.1625767326019,620.443003896183,737.5057502489626,510.0974499786347,657.5477856554078,1311.3046634475588,514.601391895015,635.5029633725949,345.24625670815175,398.2668741412607,66.29711406891363,553.3025517617389,50.0,240.70193756974902,161.14668042474597,73.20881146970744,652.6148383276956,628.1854759257556,44.063458852084594,123.53046788348286,108.37667692697438,614.9225136265637,685.4454700507898,475.0227428441429,1551.172827202345,124.10678530560084,1197.1793276529484,220.20259342715173,161.75037321971192,362.9559981559648,122.6297832925644,724.0573004585265
Médéa,989.0985054152429,48.889154485575226,450.1212549827107,71.87283430946259,370.71621505091645,289.75884779619435,320.9949491711472,11.213323066308757,193.5698602943114,180.1390581830266,75.74950199507815,700.4251782226802,211.93921657003153,131.23434850223492,345.6609245820619,196.59864957174807,342.187523392175,457.4667808125214,497.45898802844334,443.89588630524906,418.63714780175235,1222.4675539737361,273.9031327343572,409.3050968121458,288.0323411215677,177.68969082994815,284.52247687440286,314.30485223060697,240.70193756974902,50.0,351.55403410761124,313.727566689573,547.7062676668753,395.1806096389065,209.06266074627607,313.33882709442446,334.0413593771255,374.29142361380923,461.7941265362325,238.8714197920501,1535.219649251724,172.2972599074854,1401.1441439330508,35.76325567520266,116.20544454745085,122.75274188567829,357.4248729274024,495.8188199466544
Naâma,742.6926059510803,397.364682840538,781.7178283328666,287.3574102674499,106.25889860569633,576.4636472099745,562.0896915568561,362.1325091425369,489.2149864206487,510.032129581546,427.2816261004308,366.50631462140075,553.1329444009101,237.95983907641775,667.089190032912,334.8744174084655,162.72531469160822,619.4615751934512,823.9016912674626,452.3963976996956,740.5991811331895,1231.746090729795,612.3945709079419,694.5475605318969,314.0014496335424,467.8758821593364,95.26355434844369,639.7030348402964,161.14668042474597,351.55403410761124,50.0,132.88212261513365,606.7485018086504,698.1893017820277,159.85242792549604,40.345100148185594,74.0257451772857,708.6604554229407,738.9137654713776,557.8114866744415,1429.353211230422,181.25909927535875,1052.3129941409377,343.82760115505164,239.5993801313645,470.37990867531147,97.87890632475327,782.7606201368247
Oran,874.4021557272587,350.58960882877864,763.4666516728055,241.90244935260682,65.61522812543907,582.810573390772,587.3498528638037,322.1739352778519,487.88078643445306,491.10257495317325,385.55340984435094,479.03239948780384,525.6599606784655,182.6365569553143,655.9768339823871,372.77053180184856,274.29796174229284,675.6696648439056,810.0491271743529,544.9643756430224,729.7130544415329,1340.357883726522,587.5796422246179,704.5365891248491,386.94282695001954,467.7749913762294,58.934244291881406,625.573569565439,73.20881146970744,313.727566689573,132.88212261513365,50.0,693.3214348895042,698.8196877772618,108.93380829989108,108.25161479004436,60.32342175593448,687.8060545770783,753.7124440494377,546.7250473396876,1557.3685276406893,181.64002140605788,1134.5955107386073,293.3517148844375,228.29155297983812,436.10748519916433,57.01795962172857,793.3059006553202
Ouargla,705.7718137661515,573.7250609156231,594.3507068559635,571.3803715597574,704.680865447201,404.2161159662653,321.4961915505996,553.0424614096697,428.042555262872,494.3169367132866,561.6082363643219,715.2366749931228,535.4582972733532,597.190105839404,505.8030014284621,358.8802149652697,447.33674474699274,175.90481276644815,599.5516907932392,155.82155426343576,538.7307443968252,675.1436930964833,543.2528712757627,422.5399952660205,307.55453635488004,424.3716159722608,634.6706670437492,508.2838672252368,652.6148383276956,547.7062676668753,606.7485018086504,693.3214348895042,50.0,466.67139398926605,609.9300320450993,601.7200057975629,660.0660384331098,567.0736062537934,420.5239235711712,472.31645010790044,1018.0356619181001,531.3898863819003,1369.8052359592768,580.662237658132,517.5391396275542,542.9979443239723,692.3453596308426,463.60244219017693
Oum El Bouaghi,1130.4243533551144,375.8282855993985,128.17994453679177,464.18372384797345,747.8199369318476,122.60879582816196,171.37369331641213,389.914797246544,211.50817409239505,217.40945321831302,340.72583655236247,983.337854427689,206.36031816146897,521.8684693768396,70.57351217160299,375.1036241429995,609.3996039526658,292.2307052233013,144.59905927931752,483.7611181550418,72.12275540062753,1046.7164982092168,158.90453015181808,49.18321080151989,449.24278963937934,232.27946895927545,658.1694484637524,99.13876145252543,628.1854759257556,395.1806096389065,698.1893017820277,698.8196877772618,466.67139398926605,50.0,589.9787298936315,667.653438933148,705.2638234149813,113.0191625072637,90.69930977383503,156.92984624221523,1462.603034237901,526.4995958457533,1691.738703087815,425.59936523971345,472.4086012550975,288.3062482959621,733.7124010214989,105.52934054710353
Relizane,879.4925643679243,249.78010818354326,656.8129452261921,138.41420790282388,161.77548070961535,473.91644909493914,480.2481616407453,218.33903493475165,378.95601199693823,383.6898597889394,283.19231765069264,525.9053211292362,420.13440658120186,81.87622376887248,547.9960857503979,271.90724477694516,235.013111052659,576.401964081822,702.7422740103505,468.976594654863,621.8487797488084,1270.8904495250429,481.72924332520455,595.6679842635942,302.93886256467965,358.8422872102047,76.58289269730935,517.913683011693,44.063458852084594,209.06266074627607,159.85242792549604,108.93380829989108,609.9300320450993,589.9787298936315,50.0,119.56517656807446,125.90628655415662,581.462689392762,645.0214642523713,438.4780973923506,1518.450670749746,80.12115615885772,1209.1030225912482,193.2659516960446,119.83250364105452,331.7890954108943,148.38048938241917,684.4125564669552
Saïda,775.3541039880898,358.54574204458305,747.8693713327307,247.99975350270188,102.98162554836102,546.678738831335,536.6355709103781,323.7694666992753,457.4194098088192,475.2333020153269,389.08357753417164,406.51284713506465,517.2177306416775,197.7688460482982,634.2042382388589,310.9522696497674,168.24994650309057,603.1719906887083,790.9013953556951,449.46822169131366,707.9532698600058,1237.9894705794914,577.068062101081,665.9940790373548,301.58699743390684,436.1910577327087,59.73458008255733,606.1999406912572,123.53046788348286,313.33882709442446,40.345100148185594,108.25161479004436,601.7200057975629,667.653438933148,119.56517656807446,50.0,59.098255041234125,674.2176898944114,711.5842955396807,524.5439520583648,1449.1199426868807,145.17735437378494,1092.1371821330526,304.45610117720776,203.3277649514243,433.22451449525704,90.73824712271274,754.5764084967094
Sidi Bel Abbès,814.13438666229,375.63461692325563,778.6395645080116,264.1301053367478,46.28839947386041,586.0401702025823,582.0275078298399,343.62964976995676,493.84473453867116,505.0548555577603,408.74861321469825,422.1580988605268,543.7346942198317,207.562504890915,667.4983524064571,359.5027203313416,226.6252410864251,656.6311144553836,823.4201292403245,508.2869576101758,741.4652316415531,1296.8287710380341,604.8690790956449,706.7792850168214,358.0846664829352,472.98462378265856,49.5354199582809,638.2903029627811,108.37667692697438,334.0413593771255,74.0257451772857,60.32342175593448,660.0660384331098,705.2638234149813,125.90628655415662,59.098255041234125,50.0,703.8376710544507,753.9820633876265,557.5789028881445,1502.587405713082,178.85249336462797,1088.8487661155164,319.1708010398495,233.71097697498723,456.4786496824398,32.71825669025086,795.6504103914175
Skikda,1206.9848965730428,342.6623236881899,76.05745326316371,446.15456417450076,743.0382470212758,176.55913884633628,252.2096531341282,366.39977126978533,227.88398807463702,199.0897911411888,306.29339742852363,1021.6076545922497,162.7335329584438,505.5158776328654,62.2023301178997,411.18971790811815,643.8212401080841,396.37006603672575,125.74513143640883,564.2066836452675,65.52003976846883,1159.6916689114273,100.6699595583306,162.04311422106352,500.0179567634394,248.6051337378707,654.8481123604242,74.11139708126358,614.9225136265637,374.29142361380923,708.6604554229407,687.8060545770783,567.0736062537934,113.0191625072637,581.462689392762,674.2176898944114,703.8376710544507,50.0,199.26801169369546,153.80732998682203,1571.7259042766364,529.191583091861,1732.0755538902179,398.3658769387059,471.56492873044397,253.36614151149394,729.3917991492553,196.88138734123513
Souk Ahras,1108.1257237193915,448.8101537543802,190.27631178525465,527.3758886361098,798.1643101532238,172.68794215061124,180.15103507213706,457.99504664359984,269.49418629901413,291.7291315016128,415.32050290908256,999.037403688571,289.792330832881,582.8252225704748,161.09960756384504,406.0045090067638,633.5661048050772,245.45774115164275,182.30791423536516,465.8185998281338,143.30984900539278,965.8766371147614,247.6489186398703,53.78734022911616,464.0159991919415,287.98674539803557,708.8132723604199,187.97446590869905,685.4454700507898,461.7941265362325,738.9137654713776,753.7124440494377,420.5239235711712,90.69930977383503,645.0214642523713,711.5842955396807,753.9820633876265,199.26801169369546,50.0,231.62442965648867,1394.0943670728818,575.8418198205462,1701.936565065923,494.4876916792181,525.4263928351196,365.0271844902859,783.93485294826,48.56770985458977
Sétif,1069.2645450166683,219.2019850568734,224.26926526149012,308.8453571350838,598.5744399756001,79.10010748231272,155.7744265283491,233.2376755822619,74.70561762539015,60.73726766154137,184.60231187985687,868.0378079800391,69.1620534683048,367.27231323206485,109.92838464340743,258.9202261934278,490.2439650368518,321.765215521794,266.3744628217245,437.309564834584,183.8895167022621,1112.8205262960419,76.80775488860526,177.84159554751787,351.67891014049707,94.97160843999946,509.34501532558255,82.01115537979553,475.0227428441429,238.8714197920501,557.8114866744415,546.7250473396876,472.31645010790044,156.92984624221523,438.4780973923506,524.5439520583648,557.5789028881445,153.80732998682203,231.62442965648867,50.0,1490.1442006651428,380.36968045380246,1578.4666844383507,268.73659400525173,323.9114611458062,133.4438499269514,584.647958082924,260.0880496869302
Tamanrasset,813.129498847554,1570.5026518670325,1583.3413230396152,1537.0774791352699,1533.0744577351923,1419.8737875043848,1337.2694545913484,1542.954180752459,1444.6202978528504,1511.2427641472602,1565.467734287925,1246.2469533598598,1553.4209408968381,1541.5692433123718,1513.1964135672522,1338.844616889895,1287.564023714214,1177.2789977368727,1574.2108021050412,1091.706379217382,1531.6124882092636,512.1555719680199,1559.7153264431083,1414.210858194558,1250.9735925172586,1439.1312658230356,1504.0573508854368,1520.4015078086952,1551.172827202345,1535.219649251724,1429.353211230422,1557.3685276406893,1018.0356619181001,1462.603034237901,1518.450670749746,1449.1199426868807,1502.587405713082,1571.7259042766364,1394.0943670728818,1490.1442006651428,50.0,1456.4480967818577,1463.4587444139104,1563.1228040711203,1468.917954524337,1554.7281496345631,1526.638494382486,1424.8556520713325
Tiaret,846.9176234483301,219.79167999903495,603.0985964634235,115.97360798433738,222.3647379648927,407.2267212826372,406.42804021026814,183.2231763087556,315.18995375899175,330.1437672447226,247.56207300003098,529.7080298517218,372.144715485658,88.95594131564711,490.23441745673665,192.49318551166436,191.24499331349102,496.8134511322035,646.6978468519462,393.4336818998404,564.1291812436424,1195.7247113885924,431.891065494897,528.1440368356239,225.64096121703813,294.2429376295716,132.99166696452147,461.73640786495815,124.10678530560084,172.2972599074854,181.25909927535875,181.64002140605788,531.3898863819003,526.4995958457533,80.12115615885772,145.17735437378494,178.85249336462797,529.191583091861,575.8418198205462,380.36968045380246,1456.4480967818577,50.0,1228.8470222015455,170.35504982165617,58.34500582946553,289.23644792705113,208.14716699310677,617.038849881596
Tindouf,758.4111224458825,1448.2916918573164,1798.5060022021662,1339.4725183426572,1069.0877787359018,1572.1045757364789,1526.3986583145497,1412.0508847927335,1504.1928486121385,1541.7228649204071,1476.2431607583367,710.4768940335757,1589.922529294684,1289.5838225769899,1680.4954838840204,1321.9685621476833,1088.2546436686325,1494.9805589438263,1832.3879702711258,1254.7311944892942,1749.207646508292,1635.2757655977452,1644.321666100115,1671.7700985189517,1242.6414094862782,1483.5235979385793,1134.8301246147826,1658.6464057362443,1197.1793276529484,1401.1441439330508,1052.3129941409377,1134.5955107386073,1369.8052359592768,1691.738703087815,1209.1030225912482,1092.1371821330526,1088.8487661155164,1732.0755538902179,1701.936565065923,1578.4666844383507,1463.4587444139104,1228.8470222015455,50.0,1395.89960645475,1285.7705210624856,1514.8484959318432,1078.0857812433676,1750.368108050712
Tipaza,1003.270406967565,57.23789552575269,474.41482009863273,56.47153510408953,353.07281488830284,323.1016052460329,356.4448612289389,36.66205280994061,227.54440404069717,208.8243695833121,92.6713314220844,699.8824567940693,235.6722410914233,111.9385109720664,373.43839872591536,226.32563694187206,351.22716786888907,493.0359646858099,522.800168166636,472.9062229472545,445.5840518263351,1255.7036738298932,297.6973104614063,441.6390425232007,313.2919874322424,212.38757905417174,269.8038790055811,341.5658758616774,220.20259342715173,35.76325567520266,343.82760115505164,293.3517148844375,580.662237658132,425.59936523971345,193.2659516960446,304.45610117720776,319.1708010398495,398.3658769387059,494.4876916792181,268.73659400525173,1563.1228040711203,170.35504982165617,1395.89960645475,50.0,120.0406487243276,144.99973557310145,340.28218580258994,527.3969714346712
Tissemsilt,885.1101660105821,164.66819843339158,545.796580788188,72.6656145024231,275.4694994126406,354.86937517937184,360.8554771171902,127.34452816379579,260.9209826960858,272.47587109164,190.53172918712323,584.2209979139775,313.8932829759858,79.6572170257253,433.839392033211,163.09772548056142,231.3945229772527,464.7866682746099,589.9649026534336,389.91364575579627,507.8001149692295,1188.8676712015128,373.8446252287215,476.46073200826277,221.7227845113126,240.38391663929374,185.88263714293944,404.8611704339002,161.75037321971192,116.20544454745085,239.5993801313645,228.29155297983812,517.5391396275542,472.4086012550975,119.83250364105452,203.3277649514243,233.71097697498723,471.56492873044397,525.4263928351196,323.9114611458062,1468.917954524337,58.34500582946553,1285.7705210624856,120.0406487243276,50.0,231.02370138172597,261.4014568348239,565.3001374133696
Tizi Ouzou,1064.8830377046306,89.91074366777573,329.4158200695938,194.27758355696386,493.46838694938145,202.51514216985663,259.30607069799527,113.93787921408688,122.88021272608383,73.65654277657116,53.58721182419556,809.1778981023047,90.6987333749779,253.47093702290613,231.0148152610855,239.581633227162,438.8935034843586,418.4513715893952,377.958833375318,470.57214425149925,301.832973613792,1206.6727336525123,152.6979251267401,311.25614430841784,341.6487717092444,120.21985204784272,407.0029830188975,198.6559224760688,362.9559981559648,122.75274188567829,470.37990867531147,436.10748519916433,542.9979443239723,288.3062482959621,331.7890954108943,433.22451449525704,456.4786496824398,253.36614151149394,365.0271844902859,133.4438499269514,1554.7281496345631,289.23644792705113,1514.8484959318432,144.99973557310145,231.02370138172597,50.0,480.1635261204819,392.7937476187874
Tlemcen,828.0975543294705,397.2611145324076,804.5368801144499,286.44939048909373,14.23935203207265,615.1982286039632,612.9546337621516,366.6090109343358,522.2047011161377,531.0835414775721,431.2244572909682,423.9304243655555,568.4079823961057,228.35992860638504,694.4776377001057,391.376375917691,256.41590490189293,689.1922425235956,849.9321149133738,540.2024278148315,768.4308904595189,1326.8736368764273,629.8954180741719,736.2655214026098,390.7685383951644,501.5096687737463,75.54296906590572,664.8739920278143,122.6297832925644,357.4248729274024,97.87890632475327,57.01795962172857,692.3453596308426,733.7124010214989,148.38048938241917,90.73824712271274,32.71825669025086,729.3917991492553,783.93485294826,584.647958082924,1526.638494382486,208.14716699310677,1078.0857812433676,340.28218580258994,261.4014568348239,480.1635261204819,50.0,825.1644993296693
Tébessa,1154.98143129966,479.2409837591814,169.45769622256802,563.2009143343929,839.3699380005988,210.49637611731094,227.10716616740285,491.2541549220322,306.273547422381,320.82524764083695,444.6488803436942,1047.0431877369456,311.8888843754427,619.7550998605798,172.99817689855138,451.2660190138955,680.4169447228716,289.9141901860851,149.7904169757518,513.7719601293699,133.477225365329,987.0455281875352,262.9445784462589,88.90155301820957,511.7222892805191,325.7905823445054,749.8163329443884,203.68176820118137,724.0573004585265,495.8188199466544,782.7606201368247,793.3059006553202,463.60244219017693,105.52934054710353,684.4125564669552,754.5764084967094,795.6504103914175,196.88138734123513,48.56770985458977,260.0880496869302,1424.8556520713325,617.038849881596,1750.368108050712,527.3969714346712,565.3001374133696,392.7937476187874,825.1644993296693,50.0
