region,parent_category,split,model,MAE,RMSE,MAPE,SMAPE,MASE,R2
EAST,Animals & Pet Supplies,validation,SARIMAX,27.81135407616098,31.662145753758445,8.893798783101097,8.975755059255954,0.8355342426314458,-0.06365143101564352
EAST,Animals & Pet Supplies,validation,Hybrid,31.37317431498964,36.09790881522255,9.834364329468363,10.166148264170296,0.9425417176177145,-0.38255599027280884
EAST,Animals & Pet Supplies,test,SARIMAX,22.83547167319782,29.96464975049707,6.951596054930359,6.77631197818125,0.6860442133578745,0.7749401580336281
EAST,Animals & Pet Supplies,test,Hybrid,20.728562145186125,28.528654136084473,6.326023272305354,6.154936956741289,0.6227465022158922,0.795994363851484
EAST,Apparel & Accessories,validation,SARIMAX,25.675293889254334,37.76121371332809,3.971633576349794,4.127130332826911,0.47799749261909663,-0.330779332273172
EAST,Apparel & Accessories,validation,Hybrid,34.37977566304804,48.725852744771196,5.323805374380244,5.611268839082599,0.6400490150035538,-1.2158127370780623
EAST,Apparel & Accessories,test,SARIMAX,36.92509228535919,50.42552271351705,5.478545459587927,5.487580989990451,0.6874352287167934,0.8295893003971113
EAST,Apparel & Accessories,test,Hybrid,37.32678417471769,49.01865672850082,5.564325382894028,5.599633942053299,0.6949135351676166,0.8389655279718413
EAST,Arts & Entertainment,validation,SARIMAX,20.0,22.283590522157123,3.8111247702389237,3.8193945107709006,0.3666841278156103,-0.00926505398205446
EAST,Arts & Entertainment,validation,Hybrid,20.67690362804072,24.466680479482836,3.882289287857997,3.950623007014746,0.3790946186387769,-0.2167041741567206
EAST,Arts & Entertainment,test,SARIMAX,35.067250882136214,44.80447849312966,6.065873560458922,6.008766154314645,0.6429302152303653,0.8303688995142644
EAST,Arts & Entertainment,test,Hybrid,34.0889836116208,45.3829328039765,5.904045698738927,5.864040303750187,0.6249944611873902,0.8259605338665481
EAST,Baby & Toddler,validation,SARIMAX,27.340244659309946,31.309095449829307,8.668080620658083,9.0245930062206,0.8171721290143878,-0.44915008095577535
EAST,Baby & Toddler,validation,Hybrid,31.04643721235331,37.738486447033026,9.668348654534597,10.328172423952834,0.9279464580976652,-1.1054322968683663
EAST,Baby & Toddler,test,SARIMAX,19.43479345061493,26.028998439865227,6.006051806735784,5.905977954273735,0.5808862261071926,0.8059869562712841
EAST,Baby & Toddler,test,Hybrid,19.320645780499248,27.388596800152545,6.004974988594458,5.899387275212497,0.5774744682472022,0.7851894636234688
EAST,Business & Industrial,validation,SARIMAX,14.605819728059544,16.582793317606352,6.984113683706157,7.110704276210589,0.6446452591199041,-0.4034528061981495
EAST,Business & Industrial,validation,Hybrid,18.748925562782063,20.49737761369886,8.885051461337193,9.223566069604866,0.8275061723800405,-1.1442678866401943
EAST,Business & Industrial,test,SARIMAX,17.9574935548772,22.382397055409598,8.24411320817402,8.274270905392205,0.7925753775796999,0.7504685350545351
EAST,Business & Industrial,test,Hybrid,16.91313112677672,21.415558076684114,7.840921020923643,7.785959884531753,0.7464811972726169,0.7715606490638092
EAST,Cameras & Optics,validation,SARIMAX,6.211808185497382,8.302877062835972,9.883983597246617,10.791792870431237,0.6072996829396883,-0.8414094830201719
EAST,Cameras & Optics,validation,Hybrid,8.693492912295826,10.653795876386875,14.098312119120942,15.679994274419084,0.8499224914255696,-2.0318094577821157
EAST,Cameras & Optics,test,SARIMAX,7.016716567110927,9.3731724423081,11.121271104717946,11.443549258877391,0.685991843153303,0.6034969684296312
EAST,Cameras & Optics,test,Hybrid,8.39379646504728,10.601875338485712,13.730221980714214,14.175751331630455,0.8206225594319968,0.49273057711495116
EAST,Electronics,validation,SARIMAX,21.576577991156313,33.38009526879076,5.227387225816599,5.534274808202537,0.5251601040962941,-0.35881800018725296
EAST,Electronics,validation,Hybrid,32.323384240133365,43.88512975150571,7.974781339865096,8.57247772951761,0.7867304926318969,-1.3486641625688915
EAST,Electronics,test,SARIMAX,24.96190190824041,36.62904653769377,6.112555484447515,5.983394814555753,0.6075567223841546,0.7910845672026283
EAST,Electronics,test,Hybrid,25.218618742109307,38.28530880045061,6.234334095260956,6.103464744786204,0.6138050458788774,0.7717642857740491
EAST,Furniture,validation,SARIMAX,14.517931119319101,17.91924374513825,3.906815101237821,3.8494595298296757,0.37500191083112067,0.5123661113482362
EAST,Furniture,validation,Hybrid,15.151371160809063,18.917652548603552,3.983293656012675,4.0070799293756965,0.3913638307220053,0.45651318157748777
EAST,Furniture,test,SARIMAX,38.429455327235,44.74431490810373,9.703797762890284,9.4946781683587,0.9926427575300553,0.6517850992198881
EAST,Furniture,test,Hybrid,39.85588050544906,46.46224358937022,10.00462791199112,9.874837428616617,1.0294876883326325,0.6245328203171563
EAST,Hardware,validation,SARIMAX,13.75,16.970903901173116,4.663779852718857,4.557494016760518,0.4658760890609874,-0.021544062860928026
EAST,Hardware,validation,Hybrid,13.856163225618715,16.74528874813997,4.620525792364997,4.59312222608605,0.4694731005775944,0.0054366827449947586
EAST,Hardware,test,SARIMAX,22.63638067269648,29.685043600895057,6.902966731814943,6.7291126428069905,0.7669635271484769,0.7695566962300882
EAST,Hardware,test,Hybrid,22.590972657453086,29.714517649958474,6.948378475809124,6.776784303386774,0.765425017435487,0.7690988583206485
EAST,Health & Beauty,validation,SARIMAX,37.25,41.69936812084965,9.574208344379235,9.835920760112202,0.9643121301775148,-0.11714571261042828
EAST,Health & Beauty,validation,Hybrid,44.60234314203262,54.13568263670393,11.190147449465712,11.972549607459445,1.154646457079247,-0.8828603498502585
EAST,Health & Beauty,test,SARIMAX,24.030067591944196,33.83557350102816,5.743314984282704,5.702650471841696,0.6220801521583187,0.8139817472999205
EAST,Health & Beauty,test,Hybrid,22.652879392662236,32.53526282565547,5.408481694346822,5.371975657601431,0.5864280907863745,0.8280044877229258
EAST,Home & Garden,validation,SARIMAX,53.99133007866905,57.454390756187735,5.7887738410783784,5.766793104655466,0.5999036675407672,-0.015465010783820343
EAST,Home & Garden,validation,Hybrid,60.180227449961166,64.36043783983087,6.353745139822864,6.445339893272697,0.6686691938884574,-0.2742554392604697
EAST,Home & Garden,test,SARIMAX,47.50286139651603,72.95180189747084,4.502990752858952,4.387436836021301,0.5278095710724003,0.8433519985468642
EAST,Home & Garden,test,Hybrid,48.444012952698515,74.33056690686539,4.6500054052782716,4.532256309835328,0.538266810585539,0.8373748530801395
EAST,Luggage & Bags,validation,SARIMAX,22.406906044425796,26.28452472176331,7.654239153343191,7.539849732181509,0.6155743418798296,-0.03659780448564409
EAST,Luggage & Bags,validation,Hybrid,25.912744468393157,28.3840409387795,8.688513181484616,8.737743736758304,0.7118885842965154,-0.2088112043351511
EAST,Luggage & Bags,test,SARIMAX,21.641799999105622,26.83969503433505,6.624333153646243,6.53345239718283,0.5945549450303742,0.8284557840372158
EAST,Luggage & Bags,test,Hybrid,20.197107540220504,26.024814284051992,6.235889064599005,6.117696562344621,0.5548655917642996,0.838714173656874
EAST,Media,validation,SARIMAX,8.0,10.438357985479918,6.0589257167601644,5.8699362755556965,0.4028776978417266,-0.02610304822161158
EAST,Media,validation,Hybrid,8.91258194567554,10.464005765394784,6.579617061429779,6.533994701499251,0.4488350620124373,-0.0311516577583546
EAST,Media,test,SARIMAX,10.894897016051024,14.766593532611253,7.428547805345942,7.176949629981985,0.5486638785061666,0.8025679720537247
EAST,Media,test,Hybrid,11.932270169616157,15.656952757711911,8.259169000451836,7.90663817139638,0.6009056919950583,0.7780416704884893
EAST,Office Supplies,validation,SARIMAX,20.105601061096415,22.42062839021915,6.557766959419493,6.5745793123661915,0.6759808233798026,0.12631200732185688
EAST,Office Supplies,validation,Hybrid,22.296999562492594,24.608051817775163,7.154701232048841,7.305488526471321,0.7496589670386559,-0.05248344005224137
EAST,Office Supplies,test,SARIMAX,23.626095786833325,30.464710734421676,7.489755731985998,7.265716346142471,0.7943451993651934,0.7636002720506944
EAST,Office Supplies,test,Hybrid,22.447951892280535,30.002301224141075,7.181775594422081,6.9192664949204525,0.7547342134772514,0.7707222089316228
EAST,Software,validation,SARIMAX,4.623684294251573,5.594934940112125,16.73675258568596,16.712593243673734,0.7817823685932611,-0.10808130917123804
EAST,Software,validation,Hybrid,6.097763307122362,7.092106188226493,20.402384886237694,22.472410348214794,1.0310227813975008,-0.7804591215957704
EAST,Software,test,SARIMAX,4.540078257903792,5.464127603523377,15.820666209151668,15.31349851754891,0.7676460822542643,0.4376197901546246
EAST,Software,test,Hybrid,6.156115297110721,7.740098827143785,22.61789119307867,20.75280466799588,1.0408890598979479,-0.12844754362500654
EAST,Sporting Goods,validation,SARIMAX,24.15585675115686,29.61821033325359,7.261661896771386,7.6539292881391985,0.6553914622406901,-1.4134142859506675
EAST,Sporting Goods,validation,Hybrid,37.30391403312784,43.71572200612397,11.286950838904582,12.202334948004145,1.012121698573236,-4.257624486655613
EAST,Sporting Goods,test,SARIMAX,22.590021703057644,31.755046052945314,6.619086464294063,6.576011783533915,0.6129075655868353,0.7866005846365359
EAST,Sporting Goods,test,Hybrid,22.25750618026734,32.932042160459986,6.533090963170742,6.501486215354532,0.6038858265964008,0.7704881799779171
EAST,Vehicles & Parts,validation,SARIMAX,26.480318269456347,27.58519012805451,8.298945329917174,8.554057064965095,0.7553473018997329,-0.5661789265688575
EAST,Vehicles & Parts,validation,Hybrid,36.819107672894916,41.06810756694626,11.380543011733298,12.155073430042448,1.050259795070352,-2.471353123792803
EAST,Vehicles & Parts,test,SARIMAX,20.49613525572022,26.974144458401785,6.3438591816284875,6.2153085227777884,0.5846493349227446,0.7891754321830228
EAST,Vehicles & Parts,test,Hybrid,20.33728622311838,24.79738967687026,6.316682405970821,6.213501589766778,0.5801181889235072,0.821828681352326
NORTH,Animals & Pet Supplies,validation,SARIMAX,12.125,14.664459374369953,4.31879858756002,4.377156075114262,0.3732409850483729,-0.09796311125033852
NORTH,Animals & Pet Supplies,validation,Hybrid,13.38870254854534,16.416761311244677,4.7182863552920695,4.846410067196665,0.4121412394011318,-0.3760385580234804
NORTH,Animals & Pet Supplies,test,SARIMAX,21.007095911108273,26.94791978793561,6.765910101720355,6.836186013378163,0.6466564264633153,0.770009132322717
NORTH,Animals & Pet Supplies,test,Hybrid,20.562335856615093,27.307233192165775,6.648372461861264,6.697165920339112,0.6329654837128657,0.7638350202148969
NORTH,Apparel & Accessories,validation,SARIMAX,25.203783192311278,34.85460812823494,4.56314373134198,4.491823024179999,0.48790509498390194,0.012911532780725876
NORTH,Apparel & Accessories,validation,Hybrid,28.120154895459166,36.551802989793664,5.0075529333200235,5.010016905904904,0.5443614056089994,-0.08555861357548356
NORTH,Apparel & Accessories,test,SARIMAX,36.72484546479844,47.71479757015037,5.924645545638166,5.843933257685826,0.7109345084446601,0.8185168164046868
NORTH,Apparel & Accessories,test,Hybrid,37.32706727623043,48.06194839306652,6.011086559072624,5.946054674409743,0.7225925634226024,0.815866434275619
NORTH,Arts & Entertainment,validation,SARIMAX,21.7535576150441,30.931567084421086,4.230656961282246,4.368430095868916,0.44472810544774743,-0.0788202383247536
NORTH,Arts & Entertainment,validation,Hybrid,22.40919370198013,34.97461213526674,4.293904935590828,4.51366029722401,0.45813188058954707,-0.3792755971174657
NORTH,Arts & Entertainment,test,SARIMAX,32.66840086284314,45.25626901891382,5.943617074895383,5.893220869057923,0.6678703447427045,0.7693051189809842
NORTH,Arts & Entertainment,test,Hybrid,31.37226244491255,45.71412629441255,5.663952848250172,5.627315820742302,0.6413721878340767,0.7646136303867248
NORTH,Baby & Toddler,validation,SARIMAX,10.17082281262428,11.051395531130515,3.7700005356146313,3.7275439741120744,0.33114306831799983,-0.09047627844188866
NORTH,Baby & Toddler,validation,Hybrid,9.237698687620465,10.783963829827002,3.3699943703586324,3.386605392842705,0.30076228285275936,-0.03833817752693802
NORTH,Baby & Toddler,test,SARIMAX,16.745914425008866,25.40019003138499,5.632057567959279,5.537888536636727,0.5452158184886607,0.8142016500042826
NORTH,Baby & Toddler,test,Hybrid,15.88660259849852,24.77623518223903,5.297250193149941,5.1742504428308225,0.5172382241371611,0.823217793240222
NORTH,Business & Industrial,validation,SARIMAX,16.43551413320626,21.412497370173423,9.16890810186725,8.995911688913907,0.7568986771871304,-0.04085140437612633
NORTH,Business & Industrial,validation,Hybrid,17.290983728629854,22.135801698086404,9.476807283161278,9.467379698789014,0.7962953032921642,-0.11235804044723041
NORTH,Business & Industrial,test,SARIMAX,16.042867264296337,21.120168500983503,7.8839063674794225,7.818609611682405,0.7388162555925945,0.6956382414052831
NORTH,Business & Industrial,test,Hybrid,15.226528472760654,21.23925088722273,7.541662207653878,7.3915807690311075,0.7012217059823985,0.692196384151275
NORTH,Cameras & Optics,validation,SARIMAX,7.125,9.076299288196047,12.107164667808645,12.824930299007942,0.8257450331125828,-0.16668939172607122
NORTH,Cameras & Optics,validation,Hybrid,7.597700951342208,10.564940442664124,12.355266305501331,13.750567046692147,0.880528255950256,-0.5807811152136668
NORTH,Cameras & Optics,test,SARIMAX,6.876497147844687,8.529706550845315,12.99534566959869,12.39481236845981,0.7969450336906095,0.5208998486393657
NORTH,Cameras & Optics,test,Hybrid,8.541771479666396,10.264302142771077,16.147816684845054,15.199082861747781,0.9899404032725956,0.3062276574301591
NORTH,Electronics,validation,SARIMAX,24.505552233487194,29.70877377005551,6.76777994886025,6.99944567596944,0.6367441189102092,-0.2737241654843885
NORTH,Electronics,validation,Hybrid,29.008872810691074,37.6846302952227,7.847814558352911,8.36055119954289,0.7537569030246382,-1.0494364361686537
NORTH,Electronics,test,SARIMAX,26.440009559949086,37.75520365108365,6.772129792530356,6.770703439216737,0.6870084146980089,0.7227412335184804
NORTH,Electronics,test,Hybrid,25.16409031476995,38.55043832360777,6.384681688274524,6.412247372788775,0.653855353390459,0.7109384725971863
NORTH,Furniture,validation,SARIMAX,15.75,18.90644109953965,4.516266042628227,4.5881736965972895,0.4006177325581395,-0.05677314131666544
NORTH,Furniture,validation,Hybrid,16.314727816721955,21.261196397786,4.604429049280564,4.757657504261184,0.4149821755706892,-0.33640346567695034
NORTH,Furniture,test,SARIMAX,23.641944585936123,31.739558046388144,6.361449516434223,6.2848227189735875,0.6013576021132008,0.7606796492908061
NORTH,Furniture,test,Hybrid,24.810701887393154,33.43052742810851,6.7346055588668605,6.682722962358118,0.6310861671938666,0.7345001151102242
NORTH,Hardware,validation,SARIMAX,26.129241658800737,35.420461527755926,8.145127287327963,8.744057411295794,1.0771772179717618,-0.595718954464739
NORTH,Hardware,validation,Hybrid,33.85611495088318,47.496812749678156,10.486077533034686,11.65223133871308,1.3957173419092008,-1.8693062693652762
NORTH,Hardware,test,SARIMAX,21.74863092700311,29.447143833022313,7.188764191551836,6.997138082778035,0.8965866695466536,0.791406501950151
NORTH,Hardware,test,Hybrid,21.990298130804806,29.791976129216128,7.3430163717680825,7.136013845060255,0.9065493929071475,0.7864925495635002
NORTH,Health & Beauty,validation,SARIMAX,22.331200693016555,28.13571447343895,6.607347539857354,6.521254791614997,0.6454104246536576,0.00345051138739072
NORTH,Health & Beauty,validation,Hybrid,25.526266429787185,29.484876421272407,7.413286300427934,7.477305485430563,0.737753365022751,-0.09441389494233077
NORTH,Health & Beauty,test,SARIMAX,24.74882309094251,34.635008767546815,6.5894093928355675,6.50147975044718,0.7152839043625002,0.7950437905552575
NORTH,Health & Beauty,test,Hybrid,25.835989290635663,35.36472108228914,6.863053803893966,6.789749694547067,0.7467048927929382,0.7863165184668144
NORTH,Home & Garden,validation,SARIMAX,32.829550130906554,37.130150089730805,3.768282450361765,3.74247372843402,0.4192025737255488,0.1974032389693916
NORTH,Home & Garden,validation,Hybrid,32.53108355788389,37.11760507728258,3.686298606015051,3.702930268083137,0.41539143543448964,0.19794548754191765
NORTH,Home & Garden,test,SARIMAX,55.056163882428685,75.52529521453566,5.913249995227295,5.781061747197306,0.7030155913480496,0.831424795501359
NORTH,Home & Garden,test,Hybrid,54.665908179741876,74.96336074494634,5.887953065595215,5.765406942760271,0.6980323919339532,0.8339239797126794
NORTH,Luggage & Bags,validation,SARIMAX,24.602416618993658,28.088223938996123,9.321702992328143,9.040887904328434,0.6955448963366543,-0.06948853552106393
NORTH,Luggage & Bags,validation,Hybrid,23.897481627097505,27.388040963536124,8.961364838526078,8.787158196174985,0.6756153933347436,-0.016832720929028655
NORTH,Luggage & Bags,test,SARIMAX,21.90806511409179,28.293177798514456,7.639982693142204,7.393756941819504,0.6193717924016258,0.765007001549606
NORTH,Luggage & Bags,test,Hybrid,20.950133484570774,27.1391084721208,7.309910482777428,7.03773241328843,0.5922897188691252,0.7837865936357549
NORTH,Media,validation,SARIMAX,14.218119166300042,16.05567201464708,10.024243086013263,10.468360096392516,0.8238976338087773,-0.40529937358458
NORTH,Media,validation,Hybrid,16.36237551173636,19.256769943757472,11.352603369038208,12.162441970144059,0.9481508988588951,-1.0215233453726813
NORTH,Media,test,SARIMAX,11.78787605007893,15.70138821992515,8.125558770130608,8.008397275359844,0.6830722876701367,0.7389612859626649
NORTH,Media,test,Hybrid,11.15636683198173,15.754704074714708,7.902628811514075,7.702711969662166,0.6464782104625175,0.7371855026739633
NORTH,Office Supplies,validation,SARIMAX,24.75,28.612458970722447,8.382023947347072,8.53689323724093,0.8697289156626506,-0.058400527926664836
NORTH,Office Supplies,validation,Hybrid,27.237927123904228,33.6080269883906,9.047510550737838,9.451863581801986,0.9571560736311727,-0.4602449619293998
NORTH,Office Supplies,test,SARIMAX,22.560687566120023,29.056830487217095,7.630739595970956,7.416229447591105,0.7927952457973905,0.7590452207228755
NORTH,Office Supplies,test,Hybrid,21.287459617424854,27.971963842885096,7.255674141834175,7.007142878580143,0.7480532998091064,0.7767019237178974
NORTH,Software,validation,SARIMAX,6.5,7.862326362908632,32.225464014511886,26.61301398369221,0.9891304347826088,-0.00514107051850532
NORTH,Software,validation,Hybrid,7.112639737057312,8.201927360554519,31.00505566288156,29.19938382092321,1.0823582208565474,-0.09384735654980192
NORTH,Software,test,SARIMAX,4.173609067693219,5.102743225587981,16.330282749874225,15.304184943384106,0.6351144233446203,0.4864534336160582
NORTH,Software,test,Hybrid,5.700692391420181,7.166115672034157,23.041890081736483,20.607646770549174,0.8674966682595928,-0.012838096431983637
NORTH,Sporting Goods,validation,SARIMAX,14.905503888495787,18.184344686677868,5.555034737740942,5.498208648743544,0.4528581910567297,-0.0001845582385848754
NORTH,Sporting Goods,validation,Hybrid,15.672214512594564,17.941533043787903,5.748476719450089,5.7810480227589744,0.47615235064306405,0.02634761049551826
NORTH,Sporting Goods,test,SARIMAX,19.734494468983936,26.401107378196873,6.504960342357258,6.51904647838516,0.5995723145958661,0.819847572241858
NORTH,Sporting Goods,test,Hybrid,19.845621024265725,27.238272641052276,6.61228682034006,6.602260442897856,0.60294855542474,0.8082413527046002
NORTH,Vehicles & Parts,validation,SARIMAX,18.0513180653612,24.21084489127963,5.872575552653922,6.164456566689048,0.6526819548426054,-0.7180143186652528
NORTH,Vehicles & Parts,validation,Hybrid,22.939995990232646,29.359133895645545,7.49237443544126,7.94291669345656,0.8294420037790728,-1.5263491279793167
NORTH,Vehicles & Parts,test,SARIMAX,20.391398254430165,26.173518948335307,6.565442956871749,6.552770382654691,0.737292292257289,0.7773712305707086
NORTH,Vehicles & Parts,test,Hybrid,19.09642098145438,25.48677134575782,6.150981886200845,6.125976754672047,0.690469766891429,0.7889007458132264
SOUTH,Animals & Pet Supplies,validation,SARIMAX,19.62441283197309,25.18625435865754,9.514275920968194,9.521123991071534,0.9812206415986544,-0.05749353107800603
SOUTH,Animals & Pet Supplies,validation,Hybrid,25.17026158633044,29.28124837489106,12.006787121455123,12.371380924831305,1.258513079316522,-0.42932084105889046
SOUTH,Animals & Pet Supplies,test,SARIMAX,15.468510174203367,22.34731964550204,6.672824051366713,6.556356895971022,0.7734255087101684,0.7314533088260646
SOUTH,Animals & Pet Supplies,test,Hybrid,15.558684491506202,23.511648468903424,6.781727013508622,6.625276137790117,0.7779342245753101,0.7027409514595667
SOUTH,Apparel & Accessories,validation,SARIMAX,21.497587093807425,27.024335210633605,4.8890129479267594,4.958944691929731,0.5343860428148153,0.059478823468523734
SOUTH,Apparel & Accessories,validation,Hybrid,23.36860804548614,29.882863394502113,5.225925066624707,5.397931014477086,0.5808957965852379,-0.15001355396583937
SOUTH,Apparel & Accessories,test,SARIMAX,28.66208196610914,38.385340183258,6.243435531779553,6.177336528906212,0.7124807306916335,0.7948240525983475
SOUTH,Apparel & Accessories,test,Hybrid,25.96537582611762,37.20176520824944,5.605396376510644,5.550669390093519,0.6454461320412761,0.8072817893157298
SOUTH,Arts & Entertainment,validation,SARIMAX,21.5,25.41993027649453,5.778368898903657,5.862378710093019,0.49150881776616595,-0.045164343326879575
SOUTH,Arts & Entertainment,validation,Hybrid,23.60810161696088,30.116481263357375,6.213159118583116,6.466940898919746,0.5397018658351606,-0.46704802860680283
SOUTH,Arts & Entertainment,test,SARIMAX,21.20090269340341,28.92968024510609,5.300860468681204,5.255177407835195,0.4846711915539643,0.8446609743806424
SOUTH,Arts & Entertainment,test,Hybrid,20.763233094332104,30.081340665590098,5.153083703043788,5.111582674554624,0.4746656814510932,0.8320470309389086
SOUTH,Baby & Toddler,validation,SARIMAX,9.75,10.632396062023501,4.8200241110056625,4.786491326136712,0.3812849162011173,-0.004869742397625387
SOUTH,Baby & Toddler,validation,Hybrid,9.68453460931778,10.762932741442473,4.714070830411438,4.754001030768458,0.37872481712415895,-0.02969529952723904
SOUTH,Baby & Toddler,test,SARIMAX,12.786262282455644,16.77086777917134,5.661509823772563,5.66166596020482,0.5000214300401647,0.8370815897408254
SOUTH,Baby & Toddler,test,Hybrid,13.463256898364753,17.276942009014167,6.10624499509141,6.009356069601701,0.5264960798243199,0.8271008553880966
SOUTH,Business & Industrial,validation,SARIMAX,11.376710616296073,12.662325944983204,7.82646124790899,8.113381735235931,0.5072418746119268,-1.4762084685250159
SOUTH,Business & Industrial,validation,Hybrid,13.029126189893027,14.940320596752448,8.873647216121409,9.36480405202598,0.5809164543264408,-2.447307792026956
SOUTH,Business & Industrial,test,SARIMAX,13.681693282205828,18.025750099846952,9.342680708824465,9.209154379470055,0.6100118023913427,0.6981848549554988
SOUTH,Business & Industrial,test,Hybrid,13.926041544871364,18.461429203954914,9.550104680019881,9.347959539546611,0.6209063109178315,0.6834189061350896
SOUTH,Cameras & Optics,validation,SARIMAX,6.296202947174502,6.955917891300205,16.198288377934503,16.36329684977529,0.6242694140258005,-0.0726105983625418
SOUTH,Cameras & Optics,validation,Hybrid,6.984647323166323,8.243302340414592,16.734969568770683,18.235055997182958,0.6925287714187572,-0.5063838387360653
SOUTH,Cameras & Optics,test,SARIMAX,6.264488831503845,7.555274368696816,14.838804055904056,14.380807780760009,0.6211249549649706,0.5015221083437371
SOUTH,Cameras & Optics,test,Hybrid,7.391679486139808,9.0323230613121,17.99765525962414,16.88508819163698,0.7328860680308592,0.287566477762799
SOUTH,Electronics,validation,SARIMAX,16.875,20.045916741346968,6.420990630927495,6.5156312552177935,0.6276567481402763,-0.024160001276927856
SOUTH,Electronics,validation,Hybrid,17.059961587190628,21.145414696764902,6.411285234705999,6.589248427189998,0.6345362970793539,-0.1395893438207283
SOUTH,Electronics,test,SARIMAX,21.86626717221208,28.72836457764055,7.846509907046599,7.745308606139732,0.8133043050238287,0.7533318076073975
SOUTH,Electronics,test,Hybrid,21.755897522849445,28.859558755704114,7.761463610814448,7.655423182021742,0.8091991639742089,0.7510737380022946
SOUTH,Furniture,validation,SARIMAX,16.561505018829102,20.866784439689464,6.686561579602546,6.483150688828138,0.5600508943565397,-0.03257197060018724
SOUTH,Furniture,validation,Hybrid,16.93671083366751,20.985465647324418,6.758328454727852,6.628461519591039,0.5727390136989013,-0.04435101451912438
SOUTH,Furniture,test,SARIMAX,20.972898330195083,26.30632268933216,7.698556448196427,7.470615117868694,0.709228445948626,0.7620101906268456
SOUTH,Furniture,test,Hybrid,22.39610741022807,28.319105459043485,8.289399040927625,8.011721162616157,0.7573562892347656,0.7241981744643209
SOUTH,Hardware,validation,SARIMAX,11.065100378784457,14.406304985765622,5.0742125314498985,5.202223628044048,0.46049763764263496,-0.1376039648805505
SOUTH,Hardware,validation,Hybrid,13.322814567869742,16.705509629789614,6.0694670593115845,6.311128141201927,0.5544572055593828,-0.5296967563740653
SOUTH,Hardware,test,SARIMAX,15.935823449824117,22.15373644575963,6.538818884681931,6.721113182758939,0.663203116223358,0.7820758300994066
SOUTH,Hardware,test,Hybrid,21.256884948341778,28.611656199036666,9.06081208098476,9.437616294368256,0.8846503842948421,0.6365058493605233
SOUTH,Health & Beauty,validation,SARIMAX,19.375,22.4696817907077,7.397769034155763,7.445625090265316,0.636737089201878,-0.037293903426609765
SOUTH,Health & Beauty,validation,Hybrid,20.9987299217037,24.132452746244784,7.933234466295882,8.09091946291771,0.6900991054081028,-0.1964950606780902
SOUTH,Health & Beauty,test,SARIMAX,17.728234196531545,23.78473644302245,6.377463460479942,6.216483841812867,0.5826180252381259,0.7882187814872376
SOUTH,Health & Beauty,test,Hybrid,18.802750272603063,25.045974957579748,6.895058745898298,6.6638918684257336,0.617930760132495,0.7651629371260577
SOUTH,Home & Garden,validation,SARIMAX,29.741038962551357,36.8820089435223,4.326111396761412,4.4373805570123706,0.49263434154723024,-0.2683287493800084
SOUTH,Home & Garden,validation,Hybrid,35.35475234622598,48.54510662815801,5.0766438647917065,5.316490769783959,0.585620602043497,-1.1973215641391426
SOUTH,Home & Garden,test,SARIMAX,39.36940208704627,57.88849388827413,5.186864967970606,5.161714419291566,0.6521197695440697,0.8192921890453454
SOUTH,Home & Garden,test,Hybrid,40.051706705207735,60.629009764616235,5.294463716184209,5.28852610569432,0.6634215497786421,0.8017773059977644
SOUTH,Luggage & Bags,validation,SARIMAX,14.783331185250013,19.13340238240609,7.956918105835303,7.45537099806058,0.5057835693878304,-0.8281502458280299
SOUTH,Luggage & Bags,validation,Hybrid,13.166456768690566,17.252753147675673,7.07509691229415,6.684427458159941,0.45046528534131947,-0.48642941909929016
SOUTH,Luggage & Bags,test,SARIMAX,15.396839576921078,19.560629364546234,6.748173876916207,6.735262796283433,0.5267735925632823,0.7924951929599069
SOUTH,Luggage & Bags,test,Hybrid,14.593212414754728,18.867411128772808,6.425047895095319,6.338937249074073,0.49927901712259576,0.8069422947306104
SOUTH,Media,validation,SARIMAX,7.7763581338231464,9.703939532206803,8.380570770566449,8.0049174004012,0.5204063760684706,-0.11625343887061756
SOUTH,Media,validation,Hybrid,8.463388449222316,9.239516375373203,8.821284989983841,8.702377178044674,0.5663835482271149,-0.011964145665962711
SOUTH,Media,test,SARIMAX,10.2159231351291,13.100396531556868,9.80493552780642,9.443865880778517,0.6836659841864599,0.6037049251716401
SOUTH,Media,test,Hybrid,10.09441774562628,13.581682677954255,9.772462397147123,9.28069461113758,0.6755346483688716,0.5740516394517561
SOUTH,Office Supplies,validation,SARIMAX,17.125754942777633,22.075480655979597,8.322744666630062,8.273453394192904,0.5774580183017506,-0.048578474862892795
SOUTH,Office Supplies,validation,Hybrid,18.47365005839157,22.741701294982185,8.854991509236717,8.93302540557527,0.62290727557197,-0.11282405118922956
SOUTH,Office Supplies,test,SARIMAX,17.488117726315867,23.78018636253811,7.518346505445347,7.472163612916108,0.5896764165906121,0.7376197510022591
SOUTH,Office Supplies,test,Hybrid,16.63889651532745,23.439766353258122,7.149661072939933,7.056758449360033,0.5610417900158581,0.7450780752346329
SOUTH,Software,validation,SARIMAX,5.193726379295697,6.359559986842445,22.16597713985609,23.307510953545297,0.6859638614164129,-0.14379858881124097
SOUTH,Software,validation,Hybrid,5.754163414801258,7.819766740335352,22.075194416024758,26.298008912733344,0.759983847237902,-0.7293504727743341
SOUTH,Software,test,SARIMAX,4.375825167309442,5.297917199455796,19.516238757826468,19.997711759071414,0.5779391730408697,0.1796126592464663
SOUTH,Software,test,Hybrid,4.704542294045559,5.700488117488089,22.106998918399213,21.298416174925393,0.6213546426097908,0.05019881573533935
SOUTH,Sporting Goods,validation,SARIMAX,16.131919074556123,19.125374698444578,7.200689606304802,7.570540912643751,0.6737675031139192,-1.414638191931703
SOUTH,Sporting Goods,validation,Hybrid,21.99609045460953,26.961389426335643,9.791699307192292,10.561684466699594,0.9186911287724744,-3.7986237511197016
SOUTH,Sporting Goods,test,SARIMAX,16.468266220715428,20.955066147193264,7.014322341905818,7.014216694815056,0.6878154149463485,0.8243207124372891
SOUTH,Sporting Goods,test,Hybrid,16.36994133394272,21.422214269245266,7.129300443760828,7.089604691846213,0.6837087669307819,0.8164006213029339
SOUTH,Vehicles & Parts,validation,SARIMAX,10.027699954299969,13.94564715560702,5.199186661956181,4.96726610727736,0.3721839855784718,-0.19313542692447938
SOUTH,Vehicles & Parts,validation,Hybrid,9.50202962756157,12.994366671937604,4.876919371452337,4.717137737018877,0.3526734220197825,-0.03591144297400439
SOUTH,Vehicles & Parts,test,SARIMAX,19.237679341510482,27.627028798686478,8.580329006988492,8.21921073322424,0.7140177910422766,0.6203937376269489
SOUTH,Vehicles & Parts,test,Hybrid,19.808393360296233,29.434078471219276,9.004635115844465,8.484105716499847,0.7352001777416417,0.5691105167937645
WEST,Animals & Pet Supplies,validation,SARIMAX,13.75,16.224118893505842,6.255894122426729,6.116832307348501,0.5512600229095075,-0.048693362034315735
WEST,Animals & Pet Supplies,validation,Hybrid,13.77014696598053,15.915190570674113,6.183752974450027,6.126219903329893,0.5520677477769972,-0.009136617134956948
WEST,Animals & Pet Supplies,test,SARIMAX,16.413006304979113,20.473914705976767,6.651289612985817,6.571032569376969,0.6580243077597583,0.827473824263054
WEST,Animals & Pet Supplies,test,Hybrid,15.53542653083781,19.80497749912685,6.3101238474321075,6.200883179706551,0.622840697112627,0.8385634294949558
WEST,Apparel & Accessories,validation,SARIMAX,23.120031059695123,31.940223770426524,4.799517755751753,4.9646292821397235,0.45769292256183786,-0.33706146068796805
WEST,Apparel & Accessories,validation,Hybrid,32.43259567113006,39.97206488828968,6.7484083201368925,7.068867252343409,0.6420479912271222,-1.0940576296640114
WEST,Apparel & Accessories,test,SARIMAX,26.325490603576608,35.49468707037913,5.159808754476531,5.054474730473809,0.5211494180572293,0.8626737781613982
WEST,Apparel & Accessories,test,Hybrid,26.25090387915356,35.94082011640273,5.242640515425744,5.133425166428848,0.5196728709108455,0.8591999742926916
WEST,Arts & Entertainment,validation,SARIMAX,15.305432468165506,18.088255190608308,3.8486880972837376,3.8523206427330536,0.36867868987322283,-0.03544669207320261
WEST,Arts & Entertainment,validation,Hybrid,19.786464153745868,21.774788578009485,4.894260163910123,4.995807515356708,0.47661820053758114,-0.5005217192053002
WEST,Arts & Entertainment,test,SARIMAX,22.202481680416973,30.080567093936274,5.087345234863808,5.013072608684848,0.534815456857945,0.8566305296551308
WEST,Arts & Entertainment,test,Hybrid,21.742547310804625,29.718847089762175,5.0781203075666275,5.003747608772379,0.523736514713119,0.8600578452606977
WEST,Baby & Toddler,validation,SARIMAX,22.29151635273627,27.167683136919088,9.786184457347192,9.83084607230104,0.8649701467247998,-0.034658031974469816
WEST,Baby & Toddler,validation,Hybrid,25.690719563805377,31.133461847553118,11.070659253917214,11.402843734068668,0.9968682757574149,-0.3587715821538695
WEST,Baby & Toddler,test,SARIMAX,18.74472597556972,24.353925110287168,7.606667873224768,7.463719362957885,0.7273452429544792,0.7721974213543598
WEST,Baby & Toddler,test,Hybrid,19.167107172543815,25.86655531408117,7.912461971196924,7.6968882362469255,0.7437347572494828,0.7430208446673223
WEST,Business & Industrial,validation,SARIMAX,16.213774493034485,18.664943427129764,10.102146176823817,10.43505225764252,0.8394705728642116,-0.23238598501155705
WEST,Business & Industrial,validation,Hybrid,19.653385978332764,22.85919203374827,12.054333674076032,12.845400121469892,1.017556966333797,-0.848481664154872
WEST,Business & Industrial,test,SARIMAX,13.018561288195404,18.062698593515723,7.691635635745748,7.620302356887556,0.6740379365189928,0.7061631233826342
WEST,Business & Industrial,test,Hybrid,15.400164436189254,20.342361830354985,9.277655514002612,9.20399004249636,0.7973457918145325,0.6273133994366223
WEST,Cameras & Optics,validation,SARIMAX,4.794688010799659,5.564992023116482,12.635171912846557,11.861973323375079,0.601484159060889,-0.01590195689923357
WEST,Cameras & Optics,validation,Hybrid,5.481098914730323,5.915588191354892,13.3697860214966,13.546774898477048,0.6875930538192161,-0.1479383667763381
WEST,Cameras & Optics,test,SARIMAX,7.084341783783826,10.117833289821567,14.276201766186036,14.01461578292325,0.8887167112273616,0.08065876497993807
WEST,Cameras & Optics,test,Hybrid,8.083690788076126,11.1589538822591,16.945361258077458,16.325741148129367,1.0140830737729907,-0.11827513059697314
WEST,Electronics,validation,SARIMAX,14.625,18.242268360175643,5.286943541114001,5.214227585074305,0.46703923357664234,-0.028737029183141916
WEST,Electronics,validation,Hybrid,15.026800556765338,17.92387995461812,5.336628046596112,5.35741194111043,0.47987045573611936,0.006859380371737722
WEST,Electronics,test,SARIMAX,20.184033378007054,25.423881716536453,6.680730621822352,6.521269531051173,0.6445631096991304,0.8217684754198697
WEST,Electronics,test,Hybrid,20.216179351554743,25.78892105260397,6.726594293740995,6.5725349482246305,0.6455896690733723,0.8166135900320448
WEST,Furniture,validation,SARIMAX,22.86082009039101,27.174346933491805,7.564448642710038,7.954199308209847,0.6673300276594539,-1.397549127473297
WEST,Furniture,validation,Hybrid,35.993709063150256,39.6263789803878,12.056722995716038,12.977909350103658,1.0506920910844528,-4.0982139970692195
WEST,Furniture,test,SARIMAX,23.33092428443344,32.32207595317791,7.5118600920409175,7.385437139394659,0.6810528356590244,0.7142232000222765
WEST,Furniture,test,Hybrid,23.498377702027785,33.032842872679666,7.586620667183055,7.44336267033067,0.6859409671150729,0.7015164653325868
WEST,Hardware,validation,SARIMAX,16.555268527526096,21.62945899916675,6.821714529782145,7.079906436074316,0.6539891630512567,-0.31691343165836905
WEST,Hardware,validation,Hybrid,19.49763813832169,26.675877812096726,7.802504726869287,8.402342096130694,0.7702227255544686,-1.0031033273635876
WEST,Hardware,test,SARIMAX,15.257208844351336,18.967214067568403,6.022049709984773,6.151259701316929,0.602711410329906,0.8233825996264326
WEST,Hardware,test,Hybrid,15.906426121147804,19.246787664824986,6.332165714354368,6.479457235308585,0.6283576910159968,0.8181376047283658
WEST,Health & Beauty,validation,SARIMAX,16.78735064801147,20.267755311902178,5.814743314038385,5.962229601821724,0.451967132831078,-0.5172875826467878
WEST,Health & Beauty,validation,Hybrid,23.164759659137033,27.731435059685566,7.977271398142527,8.394200256635903,0.6236666062075354,-1.8405424707134355
WEST,Health & Beauty,test,SARIMAX,21.2128646965624,31.138740557601142,6.712912375095124,6.772894406442659,0.5711155879843722,0.7559842412105972
WEST,Health & Beauty,test,Hybrid,21.048169243537497,31.49940881104075,6.6772306624574425,6.705931517079065,0.5666814796337019,0.7502988202906951
WEST,Home & Garden,validation,SARIMAX,29.2365866656601,39.15073562408467,3.9613208132215014,4.014040420283696,0.43414532596440536,0.005334133739797298
WEST,Home & Garden,validation,Hybrid,28.0472637904885,41.66207327110162,3.741308565387913,3.8490406837678175,0.41648461292621874,-0.12636492488425688
WEST,Home & Garden,test,SARIMAX,41.967792100903566,59.972475829626816,5.191444223165242,5.168942103232814,0.6231958945827852,0.84215965437976
WEST,Home & Garden,test,Hybrid,38.967975357423605,57.231722442658494,4.7876380958605065,4.776688738969499,0.5786504613957685,0.8562566704546603
WEST,Luggage & Bags,validation,SARIMAX,16.83049030202183,20.01548513093475,7.279346479597028,7.422655690972708,0.5653235706053398,-0.13696320702881826
WEST,Luggage & Bags,validation,Hybrid,22.035935840955432,25.521682139143042,9.421053523213592,9.858841912070352,0.7401705896674089,-0.8485566311708121
WEST,Luggage & Bags,test,SARIMAX,15.218427031882165,21.177703764795467,6.342072420958289,6.194025356911255,0.5111755720881725,0.8041167784853325
WEST,Luggage & Bags,test,Hybrid,16.67959748387748,22.91333909431729,7.043369858939491,6.866163452934986,0.5602551937962685,0.7706935534864596
WEST,Media,validation,SARIMAX,15.084042411374952,15.358397585981264,13.890892845899947,14.075717352661805,0.8887903777746183,-0.24321371079476295
WEST,Media,validation,Hybrid,17.879860293197538,18.558094125931152,16.02536345836576,16.860397747140592,1.0535271216530535,-0.815184294289953
WEST,Media,test,SARIMAX,12.993524779795603,18.25066524196181,10.5439520166639,10.538881096880733,0.7656117294492358,0.48693614980098776
WEST,Media,test,Hybrid,13.052565737745043,18.2469692932777,10.752172902171326,10.640906653892237,0.7690905737728561,0.48714393024416225
WEST,Office Supplies,validation,SARIMAX,18.757113522702856,23.08666064632256,8.033449948277797,8.26569922952472,0.6061855709091413,-0.16183956359337048
WEST,Office Supplies,validation,Hybrid,22.44249106090705,27.132780390296677,9.525446136956631,9.99688394443166,0.7252882614328224,-0.6047689846497393
WEST,Office Supplies,test,SARIMAX,18.301660210133644,26.313614154851678,7.295274062739554,7.198738882556044,0.591466396449379,0.7303935523894903
WEST,Office Supplies,test,Hybrid,19.046069104052773,26.878626638244672,7.756336220467225,7.615656067488032,0.61552393226394,0.718691134599729
WEST,Software,validation,SARIMAX,4.901933441611264,5.626545046749627,28.346660560284647,24.296236336469672,0.942679508002166,-0.43900041650467103
WEST,Software,validation,Hybrid,4.209987054320309,4.740512640346852,21.69061833377228,21.1384308647092,0.8096128950615978,-0.021475458785831014
WEST,Software,test,SARIMAX,4.005803538584304,5.454703900898721,16.746953378858247,15.75595232621054,0.7703468343431353,0.4154859983865421
WEST,Software,test,Hybrid,5.568301569105342,7.037429773815998,24.302710586141547,21.77646667012314,1.0708272248279505,0.02707199211697142
WEST,Sporting Goods,validation,SARIMAX,16.09152931883034,20.17486173053154,6.5390011913748,6.859586386152669,0.5570756935302293,-0.6350491422387792
WEST,Sporting Goods,validation,Hybrid,18.51188964804407,24.7130293120028,7.455560179649234,7.975566396108033,0.6408666050262536,-1.4533620598580348
WEST,Sporting Goods,test,SARIMAX,17.469355615128087,23.530127498044113,6.771434198048648,6.6273804983916245,0.6047749223832671,0.7381616378799567
WEST,Sporting Goods,test,Hybrid,17.973039354904163,24.41134482625055,7.0846053702768215,6.92650525582526,0.6222120449274439,0.7181823911197633
WEST,Vehicles & Parts,validation,SARIMAX,14.031135797551343,16.490818342048694,5.861555392017799,5.963279851736017,0.5207738631116617,-0.3522347707084743
WEST,Vehicles & Parts,validation,Hybrid,16.522966355136106,18.440555216907217,6.863135542081269,7.051333586400534,0.6132596208162924,-0.6908912212958944
WEST,Vehicles & Parts,test,SARIMAX,14.295430117091358,18.671938398509123,5.719994660841803,5.680576912307527,0.5305833023310684,0.8581169292607319
WEST,Vehicles & Parts,test,Hybrid,15.07331123521672,20.138742499984662,6.2077757614145055,6.088161096504369,0.5594548178500373,0.8349496440535775
